Using pre-set license
Built from '2022.3/respin/2022.3.62f2-4af31df585-v2' branch; Version is '2022.3.62f3 (96770f904ca7) revision 9860879'; Using compiler version '192829333'; Build Type 'Release'
OS: 'Windows 10  (10.0.19045) 64bit Enterprise' Language: 'ru' Physical Memory: 16003 MB
BatchMode: 1, IsHumanControllingUs: 0, StartBugReporterOnCrash: 0, Is64bit: 1, IsPro: 1

COMMAND LINE ARGUMENTS:
C:\Program Files\Unity\Hub\Editor\2022.3.62f3\Editor\Unity.exe
-adb2
-batchMode
-noUpm
-name
AssetImportWorker0
-projectPath
D:/UnityProject/Cogs of War
-logFile
Logs/AssetImportWorker0.log
-srvPort
49794
Successfully changed project path to: D:/UnityProject/Cogs of War
D:/UnityProject/Cogs of War
[UnityMemory] Configuration Parameters - Can be set up in boot.config
    "memorysetup-bucket-allocator-granularity=16"
    "memorysetup-bucket-allocator-bucket-count=8"
    "memorysetup-bucket-allocator-block-size=33554432"
    "memorysetup-bucket-allocator-block-count=8"
    "memorysetup-main-allocator-block-size=16777216"
    "memorysetup-thread-allocator-block-size=16777216"
    "memorysetup-gfx-main-allocator-block-size=16777216"
    "memorysetup-gfx-thread-allocator-block-size=16777216"
    "memorysetup-cache-allocator-block-size=4194304"
    "memorysetup-typetree-allocator-block-size=2097152"
    "memorysetup-profiler-bucket-allocator-granularity=16"
    "memorysetup-profiler-bucket-allocator-bucket-count=8"
    "memorysetup-profiler-bucket-allocator-block-size=33554432"
    "memorysetup-profiler-bucket-allocator-block-count=8"
    "memorysetup-profiler-allocator-block-size=16777216"
    "memorysetup-profiler-editor-allocator-block-size=1048576"
    "memorysetup-temp-allocator-size-main=16777216"
    "memorysetup-job-temp-allocator-block-size=2097152"
    "memorysetup-job-temp-allocator-block-size-background=1048576"
    "memorysetup-job-temp-allocator-reduction-small-platforms=262144"
    "memorysetup-allocator-temp-initial-block-size-main=262144"
    "memorysetup-allocator-temp-initial-block-size-worker=262144"
    "memorysetup-temp-allocator-size-background-worker=32768"
    "memorysetup-temp-allocator-size-job-worker=262144"
    "memorysetup-temp-allocator-size-preload-manager=33554432"
    "memorysetup-temp-allocator-size-nav-mesh-worker=65536"
    "memorysetup-temp-allocator-size-audio-worker=65536"
    "memorysetup-temp-allocator-size-cloud-worker=32768"
    "memorysetup-temp-allocator-size-gi-baking-worker=262144"
    "memorysetup-temp-allocator-size-gfx=262144"
Player connection [14748]  Target information:

Player connection [14748]  * "[IP] 192.168.0.160 [Port] 0 [Flags] 2 [Guid] 1524979854 [EditorId] 1524979854 [Version] 1048832 [Id] WindowsEditor(7,DESKTOP-RCIKNLF) [Debug] 1 [PackageName] WindowsEditor [ProjectName] Editor" 

Player connection [14748] Host joined multi-casting on [225.0.0.222:54997]...
Player connection [14748] Host joined alternative multi-casting on [225.0.0.222:34997]...
Input System module state changed to: Initialized.
[PhysX] Initialized MultithreadedTaskDispatcher with 16 workers.
Refreshing native plugins compatible for Editor in 1312.27 ms, found 3 plugins.
Preloading 0 native plugins for Editor in 0.00 ms.
Initialize engine version: 2022.3.62f3 (96770f904ca7)
[Subsystems] Discovering subsystems at path C:/Program Files/Unity/Hub/Editor/2022.3.62f3/Editor/Data/Resources/UnitySubsystems
[Subsystems] Discovering subsystems at path D:/UnityProject/Cogs of War/Assets
GfxDevice: creating device client; threaded=0; jobified=0
Direct3D:
    Version:  Direct3D 11.0 [level 11.1]
    Renderer: NVIDIA GeForce RTX 4060 Laptop GPU (ID=0x28e0)
    Vendor:   NVIDIA
    VRAM:     7957 MB
    Driver:   32.0.15.8180
Initialize mono
Mono path[0] = 'C:/Program Files/Unity/Hub/Editor/2022.3.62f3/Editor/Data/Managed'
Mono path[1] = 'C:/Program Files/Unity/Hub/Editor/2022.3.62f3/Editor/Data/MonoBleedingEdge/lib/mono/unityjit-win32'
Mono config path = 'C:/Program Files/Unity/Hub/Editor/2022.3.62f3/Editor/Data/MonoBleedingEdge/etc'
Using monoOptions --debugger-agent=transport=dt_socket,embedding=1,server=y,suspend=n,address=127.0.0.1:56764
Begin MonoManager ReloadAssembly
Registering precompiled unity dll's ...
Register platform support module: C:/Program Files/Unity/Hub/Editor/2022.3.62f3/Editor/Data/PlaybackEngines/WindowsStandaloneSupport/UnityEditor.WindowsStandalone.Extensions.dll
Registered in 0.096159 seconds.
- Loaded All Assemblies, in  5.289 seconds
Native extension for WindowsStandalone target not found
Mono: successfully reloaded assembly
- Finished resetting the current domain, in  0.302 seconds
Domain Reload Profiling: 5589ms
	BeginReloadAssembly (3870ms)
		ExecutionOrderSort (0ms)
		DisableScriptedObjects (0ms)
		BackupInstance (0ms)
		ReleaseScriptingObjects (0ms)
		CreateAndSetChildDomain (1ms)
	RebuildCommonClasses (335ms)
	RebuildNativeTypeToScriptingClass (11ms)
	initialDomainReloadingComplete (164ms)
	LoadAllAssembliesAndSetupDomain (907ms)
		LoadAssemblies (3868ms)
		RebuildTransferFunctionScriptingTraits (0ms)
		AnalyzeDomain (904ms)
			TypeCache.Refresh (903ms)
				TypeCache.ScanAssembly (681ms)
			ScanForSourceGeneratedMonoScriptInfo (0ms)
			ResolveRequiredComponents (1ms)
	FinalizeReload (302ms)
		ReleaseScriptCaches (0ms)
		RebuildScriptCaches (0ms)
		SetupLoadedEditorAssemblies (253ms)
			LogAssemblyErrors (0ms)
			InitializePlatformSupportModulesInManaged (11ms)
			SetLoadedEditorAssemblies (8ms)
			RefreshPlugins (0ms)
			BeforeProcessingInitializeOnLoad (2ms)
			ProcessInitializeOnLoadAttributes (172ms)
			ProcessInitializeOnLoadMethodAttributes (59ms)
			AfterProcessingInitializeOnLoad (0ms)
			EditorAssembliesLoaded (0ms)
		ExecutionOrderSort2 (0ms)
		AwakeInstancesAfterBackupRestoration (0ms)
========================================================================
Worker process is ready to serve import requests
Caller must complete domain reload
Begin MonoManager ReloadAssembly
- Loaded All Assemblies, in  4.250 seconds
Native extension for WindowsStandalone target not found
Mono: successfully reloaded assembly
- Finished resetting the current domain, in  0.633 seconds
Domain Reload Profiling: 4882ms
	BeginReloadAssembly (166ms)
		ExecutionOrderSort (0ms)
		DisableScriptedObjects (6ms)
		BackupInstance (0ms)
		ReleaseScriptingObjects (0ms)
		CreateAndSetChildDomain (25ms)
	RebuildCommonClasses (36ms)
	RebuildNativeTypeToScriptingClass (11ms)
	initialDomainReloadingComplete (46ms)
	LoadAllAssembliesAndSetupDomain (3989ms)
		LoadAssemblies (3804ms)
		RebuildTransferFunctionScriptingTraits (0ms)
		AnalyzeDomain (284ms)
			TypeCache.Refresh (255ms)
				TypeCache.ScanAssembly (239ms)
			ScanForSourceGeneratedMonoScriptInfo (17ms)
			ResolveRequiredComponents (11ms)
	FinalizeReload (634ms)
		ReleaseScriptCaches (0ms)
		RebuildScriptCaches (0ms)
		SetupLoadedEditorAssemblies (486ms)
			LogAssemblyErrors (0ms)
			InitializePlatformSupportModulesInManaged (7ms)
			SetLoadedEditorAssemblies (3ms)
			RefreshPlugins (0ms)
			BeforeProcessingInitializeOnLoad (60ms)
			ProcessInitializeOnLoadAttributes (385ms)
			ProcessInitializeOnLoadMethodAttributes (23ms)
			AfterProcessingInitializeOnLoad (7ms)
			EditorAssembliesLoaded (0ms)
		ExecutionOrderSort2 (0ms)
		AwakeInstancesAfterBackupRestoration (8ms)
Launched and connected shader compiler UnityShaderCompiler.exe after 0.05 seconds
Refreshing native plugins compatible for Editor in 1.91 ms, found 3 plugins.
Preloading 0 native plugins for Editor in 0.00 ms.
Unloading 3463 Unused Serialized files (Serialized files now loaded: 0)
Unloading 32 unused Assets / (128.0 KB). Loaded Objects now: 3929.
Memory consumption went from 130.7 MB to 130.6 MB.
Total: 3.503700 ms (FindLiveObjects: 0.258300 ms CreateObjectMapping: 0.079900 ms MarkObjects: 3.069900 ms  DeleteObjects: 0.094700 ms)

AssetImportParameters requested are different than current active one (requested -> active):
  custom:container-demuxer-ogg: 62fdf1f143b41e24485cea50d1cbac27 -> 
  custom:video-decoder-ogg-theora: a1e56fd34408186e4bbccfd4996cb3dc -> 
  custom:framework-win-MediaFoundation: 216162199b28c13a410421893ffa2e32 -> 
  custom:CustomObjectIndexerAttribute: 9a22284fe3817be447336de3de66b15e -> 
  custom:container-demuxer-webm: 4f35f7cbe854078d1ac9338744f61a02 -> 
  custom:container-muxer-webm: aa71ff27fc2769a1b78a27578f13a17b -> 
  custom:video-decoder-webm-vp8: 9c59270c3fd7afecdb556c50c9e8de78 -> 
  custom:SearchIndexIgnoredProperties: e643bd26f0fe6173181afceb89e7c659 -> 
  custom:AudioImporter_EditorPlatform: d09bf68614088b80899f8185d706f6e7 -> 
  custom:video-encoder-webm-vp8: eb34c28f22e8b96e1ab97ce403110664 -> 
  custom:audio-decoder-ogg-vorbis: bf7c407c2cedff20999df2af8eb42d56 -> 
  custom:audio-encoder-webm-vorbis: bf7c407c2cedff20999df2af8eb42d56 -> 
========================================================================
Received Import Request.
  Time since last request: 92458.288338 seconds.
  path: Assets/Scenes/Demo/NewBehaviourScript.cs
  artifactKey: Guid(44923d70faa00044e9f75f94185e41cb) Importer(815301076,1909f56bfc062723c751e8b465ee728b)
Start importing Assets/Scenes/Demo/NewBehaviourScript.cs using Guid(44923d70faa00044e9f75f94185e41cb) Importer(815301076,1909f56bfc062723c751e8b465ee728b) [PhysX] Initialized MultithreadedTaskDispatcher with 16 workers.
 -> (artifact id: 'cf98d28f30f6a79488854c6d03e596fe') in 0.002508 seconds
Number of updated asset objects reloaded before import = 0
Number of asset objects unloaded after import = 0
========================================================================
Received Prepare
Caller must complete domain reload
Begin MonoManager ReloadAssembly
- Loaded All Assemblies, in  0.434 seconds
Native extension for WindowsStandalone target not found
Mono: successfully reloaded assembly
- Finished resetting the current domain, in  0.822 seconds
Domain Reload Profiling: 1254ms
	BeginReloadAssembly (160ms)
		ExecutionOrderSort (0ms)
		DisableScriptedObjects (6ms)
		BackupInstance (0ms)
		ReleaseScriptingObjects (0ms)
		CreateAndSetChildDomain (36ms)
	RebuildCommonClasses (34ms)
	RebuildNativeTypeToScriptingClass (12ms)
	initialDomainReloadingComplete (30ms)
	LoadAllAssembliesAndSetupDomain (196ms)
		LoadAssemblies (266ms)
		RebuildTransferFunctionScriptingTraits (0ms)
		AnalyzeDomain (17ms)
			TypeCache.Refresh (8ms)
				TypeCache.ScanAssembly (0ms)
			ScanForSourceGeneratedMonoScriptInfo (0ms)
			ResolveRequiredComponents (7ms)
	FinalizeReload (822ms)
		ReleaseScriptCaches (0ms)
		RebuildScriptCaches (0ms)
		SetupLoadedEditorAssemblies (428ms)
			LogAssemblyErrors (0ms)
			InitializePlatformSupportModulesInManaged (7ms)
			SetLoadedEditorAssemblies (4ms)
			RefreshPlugins (0ms)
			BeforeProcessingInitializeOnLoad (61ms)
			ProcessInitializeOnLoadAttributes (325ms)
			ProcessInitializeOnLoadMethodAttributes (22ms)
			AfterProcessingInitializeOnLoad (8ms)
			EditorAssembliesLoaded (0ms)
		ExecutionOrderSort2 (0ms)
		AwakeInstancesAfterBackupRestoration (7ms)
Refreshing native plugins compatible for Editor in 1.84 ms, found 3 plugins.
Preloading 0 native plugins for Editor in 0.00 ms.
Unloading 3441 Unused Serialized files (Serialized files now loaded: 0)
Unloading 15 unused Assets / (99.7 KB). Loaded Objects now: 3945.
Memory consumption went from 126.3 MB to 126.2 MB.
Total: 2.833800 ms (FindLiveObjects: 0.250200 ms CreateObjectMapping: 0.089600 ms MarkObjects: 2.436600 ms  DeleteObjects: 0.056300 ms)

Prepare: number of updated asset objects reloaded= 0
AssetImportParameters requested are different than current active one (requested -> active):
  custom:container-demuxer-ogg: 62fdf1f143b41e24485cea50d1cbac27 -> 
  custom:video-decoder-ogg-theora: a1e56fd34408186e4bbccfd4996cb3dc -> 
  custom:framework-win-MediaFoundation: 216162199b28c13a410421893ffa2e32 -> 
  custom:CustomObjectIndexerAttribute: 9a22284fe3817be447336de3de66b15e -> 
  custom:container-demuxer-webm: 4f35f7cbe854078d1ac9338744f61a02 -> 
  custom:container-muxer-webm: aa71ff27fc2769a1b78a27578f13a17b -> 
  custom:video-decoder-webm-vp8: 9c59270c3fd7afecdb556c50c9e8de78 -> 
  custom:SearchIndexIgnoredProperties: e643bd26f0fe6173181afceb89e7c659 -> 
  custom:AudioImporter_EditorPlatform: d09bf68614088b80899f8185d706f6e7 -> 
  custom:video-encoder-webm-vp8: eb34c28f22e8b96e1ab97ce403110664 -> 
  custom:audio-decoder-ogg-vorbis: bf7c407c2cedff20999df2af8eb42d56 -> 
  custom:audio-encoder-webm-vorbis: bf7c407c2cedff20999df2af8eb42d56 -> 
========================================================================
Received Import Request.
  Time since last request: 16.687732 seconds.
  path: Assets/Scenes/Demo/Demo-Build.unity
  artifactKey: Guid(c3735499a1b182e4ea08e86ac6e7e987) Importer(815301076,1909f56bfc062723c751e8b465ee728b)
Start importing Assets/Scenes/Demo/Demo-Build.unity using Guid(c3735499a1b182e4ea08e86ac6e7e987) Importer(815301076,1909f56bfc062723c751e8b465ee728b) [PhysX] Initialized MultithreadedTaskDispatcher with 16 workers.
 -> (artifact id: 'b93b9269b425e1f75ebbf2992247f392') in 0.002186 seconds
Number of updated asset objects reloaded before import = 0
Number of asset objects unloaded after import = 0
========================================================================
Received Import Request.
  Time since last request: 5.640167 seconds.
  path: Assets/EasyStart Third Person Controller/Scripts/CameraController.cs
  artifactKey: Guid(78bfe315ac0ad9b4da8c8e1f992d6ccc) Importer(815301076,1909f56bfc062723c751e8b465ee728b)
Start importing Assets/EasyStart Third Person Controller/Scripts/CameraController.cs using Guid(78bfe315ac0ad9b4da8c8e1f992d6ccc) Importer(815301076,1909f56bfc062723c751e8b465ee728b) [PhysX] Initialized MultithreadedTaskDispatcher with 16 workers.
 -> (artifact id: 'e7f2ffc05fff626f935ae70de4fc7015') in 0.000674 seconds
Number of updated asset objects reloaded before import = 0
Number of asset objects unloaded after import = 0
========================================================================
Received Prepare
Caller must complete domain reload
Begin MonoManager ReloadAssembly
- Loaded All Assemblies, in  0.440 seconds
Native extension for WindowsStandalone target not found
Mono: successfully reloaded assembly
- Finished resetting the current domain, in  0.823 seconds
Domain Reload Profiling: 1262ms
	BeginReloadAssembly (157ms)
		ExecutionOrderSort (0ms)
		DisableScriptedObjects (5ms)
		BackupInstance (0ms)
		ReleaseScriptingObjects (0ms)
		CreateAndSetChildDomain (33ms)
	RebuildCommonClasses (33ms)
	RebuildNativeTypeToScriptingClass (12ms)
	initialDomainReloadingComplete (30ms)
	LoadAllAssembliesAndSetupDomain (207ms)
		LoadAssemblies (267ms)
		RebuildTransferFunctionScriptingTraits (0ms)
		AnalyzeDomain (28ms)
			TypeCache.Refresh (12ms)
				TypeCache.ScanAssembly (0ms)
			ScanForSourceGeneratedMonoScriptInfo (7ms)
			ResolveRequiredComponents (7ms)
	FinalizeReload (824ms)
		ReleaseScriptCaches (0ms)
		RebuildScriptCaches (0ms)
		SetupLoadedEditorAssemblies (417ms)
			LogAssemblyErrors (0ms)
			InitializePlatformSupportModulesInManaged (7ms)
			SetLoadedEditorAssemblies (3ms)
			RefreshPlugins (0ms)
			BeforeProcessingInitializeOnLoad (59ms)
			ProcessInitializeOnLoadAttributes (318ms)
			ProcessInitializeOnLoadMethodAttributes (23ms)
			AfterProcessingInitializeOnLoad (7ms)
			EditorAssembliesLoaded (0ms)
		ExecutionOrderSort2 (0ms)
		AwakeInstancesAfterBackupRestoration (6ms)
Refreshing native plugins compatible for Editor in 2.11 ms, found 3 plugins.
Preloading 0 native plugins for Editor in 0.00 ms.
Unloading 3441 Unused Serialized files (Serialized files now loaded: 0)
Unloading 15 unused Assets / (99.7 KB). Loaded Objects now: 3961.
Memory consumption went from 126.3 MB to 126.2 MB.
Total: 3.163800 ms (FindLiveObjects: 0.388700 ms CreateObjectMapping: 0.095500 ms MarkObjects: 2.623700 ms  DeleteObjects: 0.054600 ms)

Prepare: number of updated asset objects reloaded= 0
AssetImportParameters requested are different than current active one (requested -> active):
  custom:container-demuxer-ogg: 62fdf1f143b41e24485cea50d1cbac27 -> 
  custom:video-decoder-ogg-theora: a1e56fd34408186e4bbccfd4996cb3dc -> 
  custom:framework-win-MediaFoundation: 216162199b28c13a410421893ffa2e32 -> 
  custom:scripting/monoscript/fileName/ThirdPersonController - Copy.cs: 03892e8a3906ae42cd727c63c23e2bf8 -> 
  custom:CustomObjectIndexerAttribute: 9a22284fe3817be447336de3de66b15e -> 
  custom:scripting/monoscript/fileName/TragetPosition.cs: e31ce218b4463c40aa56d92d4febefb8 -> b7a24254d5475c571a8b326ffd386b16
  custom:container-demuxer-webm: 4f35f7cbe854078d1ac9338744f61a02 -> 
  custom:container-muxer-webm: aa71ff27fc2769a1b78a27578f13a17b -> 
  custom:video-decoder-webm-vp8: 9c59270c3fd7afecdb556c50c9e8de78 -> 
  custom:SearchIndexIgnoredProperties: e643bd26f0fe6173181afceb89e7c659 -> 
  custom:AudioImporter_EditorPlatform: d09bf68614088b80899f8185d706f6e7 -> 
  custom:scripting/monoscript/fileName/CameraController.cs: 8c1552359b63a9cc2441f8476730760e -> 9afc567523072d385e7e839f14f42a40
  custom:video-encoder-webm-vp8: eb34c28f22e8b96e1ab97ce403110664 -> 
  custom:audio-decoder-ogg-vorbis: bf7c407c2cedff20999df2af8eb42d56 -> 
  custom:audio-encoder-webm-vorbis: bf7c407c2cedff20999df2af8eb42d56 -> 
  custom:scripting/precompiled-assembly-types:Assembly-CSharp: faa817c1e5ebfe41ddedade8d814b540 -> 52a90a99a74007af874ea8c1833afe23
========================================================================
Received Import Request.
  Time since last request: 8.945215 seconds.
  path: Assets/Scripts/TragetPosition.cs
  artifactKey: Guid(fc49ac2ac072d64418d8b53ede469c90) Importer(815301076,1909f56bfc062723c751e8b465ee728b)
Start importing Assets/Scripts/TragetPosition.cs using Guid(fc49ac2ac072d64418d8b53ede469c90) Importer(815301076,1909f56bfc062723c751e8b465ee728b) [PhysX] Initialized MultithreadedTaskDispatcher with 16 workers.
 -> (artifact id: 'e355147e28030c482996d883006cf0bd') in 0.002303 seconds
Number of updated asset objects reloaded before import = 0
Number of asset objects unloaded after import = 0
========================================================================
Received Import Request.
  Time since last request: 3.835482 seconds.
  path: Assets/Scripts/ThirdPersonController.cs
  artifactKey: Guid(ffdb855c213ff5040b307cd34cf57f28) Importer(815301076,1909f56bfc062723c751e8b465ee728b)
Start importing Assets/Scripts/ThirdPersonController.cs using Guid(ffdb855c213ff5040b307cd34cf57f28) Importer(815301076,1909f56bfc062723c751e8b465ee728b) [PhysX] Initialized MultithreadedTaskDispatcher with 16 workers.
 -> (artifact id: '8ea917231e362ebe9cdea67785911e8d') in 0.000781 seconds
Number of updated asset objects reloaded before import = 0
Number of asset objects unloaded after import = 0
========================================================================
Received Import Request.
  Time since last request: 0.750780 seconds.
  path: Assets/Scripts/ThirdPersonController - Copy.cs
  artifactKey: Guid(4dbd62af2a25df34c9a8e8a7bcb2c370) Importer(815301076,1909f56bfc062723c751e8b465ee728b)
Start importing Assets/Scripts/ThirdPersonController - Copy.cs using Guid(4dbd62af2a25df34c9a8e8a7bcb2c370) Importer(815301076,1909f56bfc062723c751e8b465ee728b) [PhysX] Initialized MultithreadedTaskDispatcher with 16 workers.
 -> (artifact id: '8dd0b7c5f1c97b49f514a12da639d686') in 0.000480 seconds
Number of updated asset objects reloaded before import = 0
Number of asset objects unloaded after import = 0
========================================================================
Received Prepare
Caller must complete domain reload
Begin MonoManager ReloadAssembly
- Loaded All Assemblies, in  0.433 seconds
Native extension for WindowsStandalone target not found
Mono: successfully reloaded assembly
- Finished resetting the current domain, in  0.821 seconds
Domain Reload Profiling: 1252ms
	BeginReloadAssembly (152ms)
		ExecutionOrderSort (0ms)
		DisableScriptedObjects (5ms)
		BackupInstance (0ms)
		ReleaseScriptingObjects (0ms)
		CreateAndSetChildDomain (34ms)
	RebuildCommonClasses (33ms)
	RebuildNativeTypeToScriptingClass (12ms)
	initialDomainReloadingComplete (29ms)
	LoadAllAssembliesAndSetupDomain (205ms)
		LoadAssemblies (259ms)
		RebuildTransferFunctionScriptingTraits (0ms)
		AnalyzeDomain (28ms)
			TypeCache.Refresh (11ms)
				TypeCache.ScanAssembly (0ms)
			ScanForSourceGeneratedMonoScriptInfo (8ms)
			ResolveRequiredComponents (7ms)
	FinalizeReload (821ms)
		ReleaseScriptCaches (0ms)
		RebuildScriptCaches (0ms)
		SetupLoadedEditorAssemblies (415ms)
			LogAssemblyErrors (0ms)
			InitializePlatformSupportModulesInManaged (7ms)
			SetLoadedEditorAssemblies (3ms)
			RefreshPlugins (0ms)
			BeforeProcessingInitializeOnLoad (60ms)
			ProcessInitializeOnLoadAttributes (316ms)
			ProcessInitializeOnLoadMethodAttributes (23ms)
			AfterProcessingInitializeOnLoad (7ms)
			EditorAssembliesLoaded (0ms)
		ExecutionOrderSort2 (0ms)
		AwakeInstancesAfterBackupRestoration (6ms)
Refreshing native plugins compatible for Editor in 2.02 ms, found 3 plugins.
Preloading 0 native plugins for Editor in 0.00 ms.
Unloading 3441 Unused Serialized files (Serialized files now loaded: 0)
Unloading 15 unused Assets / (99.7 KB). Loaded Objects now: 3977.
Memory consumption went from 126.3 MB to 126.2 MB.
Total: 2.945700 ms (FindLiveObjects: 0.270300 ms CreateObjectMapping: 0.103700 ms MarkObjects: 2.512000 ms  DeleteObjects: 0.058500 ms)

Prepare: number of updated asset objects reloaded= 0
AssetImportParameters requested are different than current active one (requested -> active):
  custom:container-demuxer-ogg: 62fdf1f143b41e24485cea50d1cbac27 -> 
  custom:video-decoder-ogg-theora: a1e56fd34408186e4bbccfd4996cb3dc -> 
  custom:framework-win-MediaFoundation: 216162199b28c13a410421893ffa2e32 -> 
  custom:scripting/monoscript/fileName/ThirdPersonController - Copy.cs: 03892e8a3906ae42cd727c63c23e2bf8 -> 
  custom:CustomObjectIndexerAttribute: 9a22284fe3817be447336de3de66b15e -> 
  custom:scripting/monoscript/fileName/TragetPosition.cs: e31ce218b4463c40aa56d92d4febefb8 -> b7a24254d5475c571a8b326ffd386b16
  custom:container-demuxer-webm: 4f35f7cbe854078d1ac9338744f61a02 -> 
  custom:container-muxer-webm: aa71ff27fc2769a1b78a27578f13a17b -> 
  custom:video-decoder-webm-vp8: 9c59270c3fd7afecdb556c50c9e8de78 -> 
  custom:SearchIndexIgnoredProperties: e643bd26f0fe6173181afceb89e7c659 -> 
  custom:AudioImporter_EditorPlatform: d09bf68614088b80899f8185d706f6e7 -> 
  custom:scripting/monoscript/fileName/CameraController.cs: 8c1552359b63a9cc2441f8476730760e -> 9afc567523072d385e7e839f14f42a40
  custom:video-encoder-webm-vp8: eb34c28f22e8b96e1ab97ce403110664 -> 
  custom:audio-decoder-ogg-vorbis: bf7c407c2cedff20999df2af8eb42d56 -> 
  custom:audio-encoder-webm-vorbis: bf7c407c2cedff20999df2af8eb42d56 -> 
========================================================================
Received Prepare
Caller must complete domain reload
Begin MonoManager ReloadAssembly
- Loaded All Assemblies, in  0.439 seconds
Native extension for WindowsStandalone target not found
Mono: successfully reloaded assembly
- Finished resetting the current domain, in  0.832 seconds
Domain Reload Profiling: 1269ms
	BeginReloadAssembly (140ms)
		ExecutionOrderSort (0ms)
		DisableScriptedObjects (5ms)
		BackupInstance (0ms)
		ReleaseScriptingObjects (0ms)
		CreateAndSetChildDomain (32ms)
	RebuildCommonClasses (33ms)
	RebuildNativeTypeToScriptingClass (12ms)
	initialDomainReloadingComplete (30ms)
	LoadAllAssembliesAndSetupDomain (222ms)
		LoadAssemblies (269ms)
		RebuildTransferFunctionScriptingTraits (0ms)
		AnalyzeDomain (27ms)
			TypeCache.Refresh (12ms)
				TypeCache.ScanAssembly (0ms)
			ScanForSourceGeneratedMonoScriptInfo (7ms)
			ResolveRequiredComponents (7ms)
	FinalizeReload (832ms)
		ReleaseScriptCaches (0ms)
		RebuildScriptCaches (0ms)
		SetupLoadedEditorAssemblies (417ms)
			LogAssemblyErrors (0ms)
			InitializePlatformSupportModulesInManaged (7ms)
			SetLoadedEditorAssemblies (3ms)
			RefreshPlugins (0ms)
			BeforeProcessingInitializeOnLoad (58ms)
			ProcessInitializeOnLoadAttributes (320ms)
			ProcessInitializeOnLoadMethodAttributes (22ms)
			AfterProcessingInitializeOnLoad (7ms)
			EditorAssembliesLoaded (0ms)
		ExecutionOrderSort2 (0ms)
		AwakeInstancesAfterBackupRestoration (7ms)
Refreshing native plugins compatible for Editor in 2.32 ms, found 3 plugins.
Preloading 0 native plugins for Editor in 0.00 ms.
Unloading 3440 Unused Serialized files (Serialized files now loaded: 0)
Unloading 17 unused Assets / (100.7 KB). Loaded Objects now: 3991.
Memory consumption went from 126.6 MB to 126.5 MB.
Total: 2.879400 ms (FindLiveObjects: 0.254600 ms CreateObjectMapping: 0.091000 ms MarkObjects: 2.474000 ms  DeleteObjects: 0.058700 ms)

Prepare: number of updated asset objects reloaded= 0
AssetImportParameters requested are different than current active one (requested -> active):
  custom:container-demuxer-ogg: 62fdf1f143b41e24485cea50d1cbac27 -> 
  custom:video-decoder-ogg-theora: a1e56fd34408186e4bbccfd4996cb3dc -> 
  custom:framework-win-MediaFoundation: 216162199b28c13a410421893ffa2e32 -> 
  custom:scripting/monoscript/fileName/ThirdPersonController - Copy.cs: 03892e8a3906ae42cd727c63c23e2bf8 -> 
  custom:CustomObjectIndexerAttribute: 9a22284fe3817be447336de3de66b15e -> 
  custom:scripting/monoscript/fileName/TragetPosition.cs: e31ce218b4463c40aa56d92d4febefb8 -> b7a24254d5475c571a8b326ffd386b16
  custom:container-demuxer-webm: 4f35f7cbe854078d1ac9338744f61a02 -> 
  custom:container-muxer-webm: aa71ff27fc2769a1b78a27578f13a17b -> 
  custom:video-decoder-webm-vp8: 9c59270c3fd7afecdb556c50c9e8de78 -> 
  custom:SearchIndexIgnoredProperties: e643bd26f0fe6173181afceb89e7c659 -> 
  custom:AudioImporter_EditorPlatform: d09bf68614088b80899f8185d706f6e7 -> 
  custom:scripting/monoscript/fileName/CameraController.cs: 8c1552359b63a9cc2441f8476730760e -> 9afc567523072d385e7e839f14f42a40
  custom:video-encoder-webm-vp8: eb34c28f22e8b96e1ab97ce403110664 -> 
  custom:audio-decoder-ogg-vorbis: bf7c407c2cedff20999df2af8eb42d56 -> 
  custom:audio-encoder-webm-vorbis: bf7c407c2cedff20999df2af8eb42d56 -> 
  custom:scripting/precompiled-assembly-types:Assembly-CSharp: 28776caba8b1a4ccc8ece3f586240419 -> 52a90a99a74007af874ea8c1833afe23
========================================================================
Received Import Request.
  Time since last request: 21.713919 seconds.
  path: Assets/EasyStart Third Person Controller/Scripts/CameraController.cs
  artifactKey: Guid(78bfe315ac0ad9b4da8c8e1f992d6ccc) Importer(815301076,1909f56bfc062723c751e8b465ee728b)
Start importing Assets/EasyStart Third Person Controller/Scripts/CameraController.cs using Guid(78bfe315ac0ad9b4da8c8e1f992d6ccc) Importer(815301076,1909f56bfc062723c751e8b465ee728b) [PhysX] Initialized MultithreadedTaskDispatcher with 16 workers.
 -> (artifact id: '67a5a6212e9425dd32a82f1c077cc928') in 0.002384 seconds
Number of updated asset objects reloaded before import = 0
Number of asset objects unloaded after import = 0
========================================================================
Received Prepare
Caller must complete domain reload
Begin MonoManager ReloadAssembly
- Loaded All Assemblies, in  0.443 seconds
Native extension for WindowsStandalone target not found
Mono: successfully reloaded assembly
- Finished resetting the current domain, in  0.813 seconds
Domain Reload Profiling: 1255ms
	BeginReloadAssembly (148ms)
		ExecutionOrderSort (0ms)
		DisableScriptedObjects (6ms)
		BackupInstance (0ms)
		ReleaseScriptingObjects (0ms)
		CreateAndSetChildDomain (33ms)
	RebuildCommonClasses (33ms)
	RebuildNativeTypeToScriptingClass (12ms)
	initialDomainReloadingComplete (29ms)
	LoadAllAssembliesAndSetupDomain (219ms)
		LoadAssemblies (274ms)
		RebuildTransferFunctionScriptingTraits (0ms)
		AnalyzeDomain (26ms)
			TypeCache.Refresh (10ms)
				TypeCache.ScanAssembly (0ms)
			ScanForSourceGeneratedMonoScriptInfo (7ms)
			ResolveRequiredComponents (7ms)
	FinalizeReload (813ms)
		ReleaseScriptCaches (0ms)
		RebuildScriptCaches (0ms)
		SetupLoadedEditorAssemblies (425ms)
			LogAssemblyErrors (0ms)
			InitializePlatformSupportModulesInManaged (7ms)
			SetLoadedEditorAssemblies (3ms)
			RefreshPlugins (0ms)
			BeforeProcessingInitializeOnLoad (60ms)
			ProcessInitializeOnLoadAttributes (325ms)
			ProcessInitializeOnLoadMethodAttributes (22ms)
			AfterProcessingInitializeOnLoad (7ms)
			EditorAssembliesLoaded (0ms)
		ExecutionOrderSort2 (0ms)
		AwakeInstancesAfterBackupRestoration (6ms)
Refreshing native plugins compatible for Editor in 1.80 ms, found 3 plugins.
Preloading 0 native plugins for Editor in 0.00 ms.
Unloading 3439 Unused Serialized files (Serialized files now loaded: 0)
Unloading 15 unused Assets / (99.7 KB). Loaded Objects now: 4007.
Memory consumption went from 126.3 MB to 126.2 MB.
Total: 3.014000 ms (FindLiveObjects: 0.288700 ms CreateObjectMapping: 0.092600 ms MarkObjects: 2.576300 ms  DeleteObjects: 0.055700 ms)

Prepare: number of updated asset objects reloaded= 0
AssetImportParameters requested are different than current active one (requested -> active):
  custom:container-demuxer-ogg: 62fdf1f143b41e24485cea50d1cbac27 -> 
  custom:video-decoder-ogg-theora: a1e56fd34408186e4bbccfd4996cb3dc -> 
  custom:framework-win-MediaFoundation: 216162199b28c13a410421893ffa2e32 -> 
  custom:scripting/monoscript/fileName/ThirdPersonController - Copy.cs: 03892e8a3906ae42cd727c63c23e2bf8 -> 
  custom:CustomObjectIndexerAttribute: 9a22284fe3817be447336de3de66b15e -> 
  custom:scripting/monoscript/fileName/TragetPosition.cs: e31ce218b4463c40aa56d92d4febefb8 -> b7a24254d5475c571a8b326ffd386b16
  custom:container-demuxer-webm: 4f35f7cbe854078d1ac9338744f61a02 -> 
  custom:container-muxer-webm: aa71ff27fc2769a1b78a27578f13a17b -> 
  custom:video-decoder-webm-vp8: 9c59270c3fd7afecdb556c50c9e8de78 -> 
  custom:SearchIndexIgnoredProperties: e643bd26f0fe6173181afceb89e7c659 -> 
  custom:AudioImporter_EditorPlatform: d09bf68614088b80899f8185d706f6e7 -> 
  custom:scripting/monoscript/fileName/CameraController.cs: 8c1552359b63a9cc2441f8476730760e -> 9afc567523072d385e7e839f14f42a40
  custom:video-encoder-webm-vp8: eb34c28f22e8b96e1ab97ce403110664 -> 
  custom:audio-decoder-ogg-vorbis: bf7c407c2cedff20999df2af8eb42d56 -> 
  custom:audio-encoder-webm-vorbis: bf7c407c2cedff20999df2af8eb42d56 -> 
  custom:scripting/monoscript/fileName/ThirdPersonController.cs: 91636e28239181515614da0a7c6e46e1 -> cf7d433154ff107ea94ee6ccb8fef9ac
  custom:scripting/precompiled-assembly-types:Assembly-CSharp: dba1f4c1c02d2d34353fbb1e2a083eb1 -> 52a90a99a74007af874ea8c1833afe23
========================================================================
Received Import Request.
  Time since last request: 7.380191 seconds.
  path: Assets/EasyStart Third Person Controller/Prefabs/CameraController.prefab
  artifactKey: Guid(0090731b51e488b43a6a7307adf4cfef) Importer(815301076,1909f56bfc062723c751e8b465ee728b)
Start importing Assets/EasyStart Third Person Controller/Prefabs/CameraController.prefab using Guid(0090731b51e488b43a6a7307adf4cfef) Importer(815301076,1909f56bfc062723c751e8b465ee728b) [PhysX] Initialized MultithreadedTaskDispatcher with 16 workers.
 -> (artifact id: '5225b9695762fc77e7fda76865f049d6') in 0.044927 seconds
Number of updated asset objects reloaded before import = 0
Number of asset objects unloaded after import = 9
========================================================================
Received Import Request.
  Time since last request: 6.263722 seconds.
  path: Assets/Scenes/Demo/Demo-Fight.unity
  artifactKey: Guid(9fc0d4010bbf28b4594072e72b8655ab) Importer(815301076,1909f56bfc062723c751e8b465ee728b)
Start importing Assets/Scenes/Demo/Demo-Fight.unity using Guid(9fc0d4010bbf28b4594072e72b8655ab) Importer(815301076,1909f56bfc062723c751e8b465ee728b) [PhysX] Initialized MultithreadedTaskDispatcher with 16 workers.
 -> (artifact id: '4523f99d52f149364f65bd5c1d63c60f') in 0.001793 seconds
Number of updated asset objects reloaded before import = 0
Number of asset objects unloaded after import = 0
========================================================================
Received Import Request.
  Time since last request: 4.100939 seconds.
  path: Assets/Scenes/Demo/Demo.unity
  artifactKey: Guid(b547c30cf02f9704f894481353d43e5a) Importer(815301076,1909f56bfc062723c751e8b465ee728b)
Start importing Assets/Scenes/Demo/Demo.unity using Guid(b547c30cf02f9704f894481353d43e5a) Importer(815301076,1909f56bfc062723c751e8b465ee728b) [PhysX] Initialized MultithreadedTaskDispatcher with 16 workers.
 -> (artifact id: 'a5f37956cd8de9d70259960298dc9baf') in 0.000525 seconds
Number of updated asset objects reloaded before import = 0
Number of asset objects unloaded after import = 0
========================================================================
Received Import Request.
  Time since last request: 2.479801 seconds.
  path: Assets/Scenes/Demo/Demo-Fight.unity
  artifactKey: Guid(b547c30cf02f9704f894481353d43e5a) Importer(815301076,1909f56bfc062723c751e8b465ee728b)
Start importing Assets/Scenes/Demo/Demo-Fight.unity using Guid(b547c30cf02f9704f894481353d43e5a) Importer(815301076,1909f56bfc062723c751e8b465ee728b) [PhysX] Initialized MultithreadedTaskDispatcher with 16 workers.
 -> (artifact id: 'f37042d0cd14abc6b41895cde5bc8b38') in 0.000526 seconds
Number of updated asset objects reloaded before import = 0
Number of asset objects unloaded after import = 0
========================================================================
Received Prepare
Caller must complete domain reload
Begin MonoManager ReloadAssembly
- Loaded All Assemblies, in  0.624 seconds
Native extension for WindowsStandalone target not found
Mono: successfully reloaded assembly
- Finished resetting the current domain, in  1.079 seconds
Domain Reload Profiling: 1701ms
	BeginReloadAssembly (203ms)
		ExecutionOrderSort (0ms)
		DisableScriptedObjects (7ms)
		BackupInstance (0ms)
		ReleaseScriptingObjects (0ms)
		CreateAndSetChildDomain (44ms)
	RebuildCommonClasses (43ms)
	RebuildNativeTypeToScriptingClass (14ms)
	initialDomainReloadingComplete (39ms)
	LoadAllAssembliesAndSetupDomain (323ms)
		LoadAssemblies (400ms)
		RebuildTransferFunctionScriptingTraits (0ms)
		AnalyzeDomain (41ms)
			TypeCache.Refresh (20ms)
				TypeCache.ScanAssembly (0ms)
			ScanForSourceGeneratedMonoScriptInfo (10ms)
			ResolveRequiredComponents (9ms)
	FinalizeReload (1079ms)
		ReleaseScriptCaches (0ms)
		RebuildScriptCaches (0ms)
		SetupLoadedEditorAssemblies (549ms)
			LogAssemblyErrors (0ms)
			InitializePlatformSupportModulesInManaged (9ms)
			SetLoadedEditorAssemblies (3ms)
			RefreshPlugins (0ms)
			BeforeProcessingInitializeOnLoad (77ms)
			ProcessInitializeOnLoadAttributes (418ms)
			ProcessInitializeOnLoadMethodAttributes (30ms)
			AfterProcessingInitializeOnLoad (10ms)
			EditorAssembliesLoaded (0ms)
		ExecutionOrderSort2 (0ms)
		AwakeInstancesAfterBackupRestoration (9ms)
Refreshing native plugins compatible for Editor in 1.97 ms, found 3 plugins.
Preloading 0 native plugins for Editor in 0.00 ms.
Unloading 3439 Unused Serialized files (Serialized files now loaded: 0)
Unloading 15 unused Assets / (99.8 KB). Loaded Objects now: 4024.
Memory consumption went from 126.3 MB to 126.2 MB.
Total: 3.403000 ms (FindLiveObjects: 0.315900 ms CreateObjectMapping: 0.113000 ms MarkObjects: 2.910200 ms  DeleteObjects: 0.062500 ms)

Prepare: number of updated asset objects reloaded= 0
AssetImportParameters requested are different than current active one (requested -> active):
  custom:container-demuxer-ogg: 62fdf1f143b41e24485cea50d1cbac27 -> 
  custom:video-decoder-ogg-theora: a1e56fd34408186e4bbccfd4996cb3dc -> 
  custom:framework-win-MediaFoundation: 216162199b28c13a410421893ffa2e32 -> 
  custom:scripting/monoscript/fileName/ThirdPersonController - Copy.cs: 03892e8a3906ae42cd727c63c23e2bf8 -> 
  custom:CustomObjectIndexerAttribute: 9a22284fe3817be447336de3de66b15e -> 
  custom:scripting/monoscript/fileName/TragetPosition.cs: e31ce218b4463c40aa56d92d4febefb8 -> b7a24254d5475c571a8b326ffd386b16
  custom:container-demuxer-webm: 4f35f7cbe854078d1ac9338744f61a02 -> 
  custom:scripting/monoscript/fileName/CommentedThirdPersonController.cs: d110410b7541de6d999d4f1b0958deba -> 441c4810ef4143ade1481edab01fa108
  custom:container-muxer-webm: aa71ff27fc2769a1b78a27578f13a17b -> 
  custom:video-decoder-webm-vp8: 9c59270c3fd7afecdb556c50c9e8de78 -> 
  custom:scripting/monoscript/fileName/CommentedCameraController.cs: 903cd3e693c1f7a1da063b8dc518390c -> e5b7eec27a2059315763f642911f562c
  custom:SearchIndexIgnoredProperties: e643bd26f0fe6173181afceb89e7c659 -> 
  custom:AudioImporter_EditorPlatform: d09bf68614088b80899f8185d706f6e7 -> 
  custom:scripting/monoscript/fileName/CameraController.cs: 8c1552359b63a9cc2441f8476730760e -> 9afc567523072d385e7e839f14f42a40
  custom:video-encoder-webm-vp8: eb34c28f22e8b96e1ab97ce403110664 -> 
  custom:audio-decoder-ogg-vorbis: bf7c407c2cedff20999df2af8eb42d56 -> 
  custom:audio-encoder-webm-vorbis: bf7c407c2cedff20999df2af8eb42d56 -> 
  custom:scripting/monoscript/fileName/ThirdPersonController.cs: 91636e28239181515614da0a7c6e46e1 -> cf7d433154ff107ea94ee6ccb8fef9ac
  custom:scripting/precompiled-assembly-types:Assembly-CSharp: 7cf82ba5223cd5ac8262b8fbb8463197 -> 52a90a99a74007af874ea8c1833afe23
========================================================================
Received Prepare
Caller must complete domain reload
Begin MonoManager ReloadAssembly
- Loaded All Assemblies, in  0.566 seconds
Native extension for WindowsStandalone target not found
Mono: successfully reloaded assembly
- Finished resetting the current domain, in  1.069 seconds
Domain Reload Profiling: 1633ms
	BeginReloadAssembly (197ms)
		ExecutionOrderSort (0ms)
		DisableScriptedObjects (8ms)
		BackupInstance (0ms)
		ReleaseScriptingObjects (0ms)
		CreateAndSetChildDomain (44ms)
	RebuildCommonClasses (43ms)
	RebuildNativeTypeToScriptingClass (14ms)
	initialDomainReloadingComplete (39ms)
	LoadAllAssembliesAndSetupDomain (270ms)
		LoadAssemblies (345ms)
		RebuildTransferFunctionScriptingTraits (0ms)
		AnalyzeDomain (37ms)
			TypeCache.Refresh (18ms)
				TypeCache.ScanAssembly (0ms)
			ScanForSourceGeneratedMonoScriptInfo (7ms)
			ResolveRequiredComponents (8ms)
	FinalizeReload (1069ms)
		ReleaseScriptCaches (0ms)
		RebuildScriptCaches (0ms)
		SetupLoadedEditorAssemblies (554ms)
			LogAssemblyErrors (0ms)
			InitializePlatformSupportModulesInManaged (9ms)
			SetLoadedEditorAssemblies (5ms)
			RefreshPlugins (0ms)
			BeforeProcessingInitializeOnLoad (74ms)
			ProcessInitializeOnLoadAttributes (426ms)
			ProcessInitializeOnLoadMethodAttributes (31ms)
			AfterProcessingInitializeOnLoad (9ms)
			EditorAssembliesLoaded (0ms)
		ExecutionOrderSort2 (0ms)
		AwakeInstancesAfterBackupRestoration (12ms)
Refreshing native plugins compatible for Editor in 1.95 ms, found 3 plugins.
Preloading 0 native plugins for Editor in 0.00 ms.
Unloading 3440 Unused Serialized files (Serialized files now loaded: 0)
Unloading 15 unused Assets / (99.8 KB). Loaded Objects now: 4040.
Memory consumption went from 126.6 MB to 126.5 MB.
Total: 3.326100 ms (FindLiveObjects: 0.274200 ms CreateObjectMapping: 0.085300 ms MarkObjects: 2.893400 ms  DeleteObjects: 0.072200 ms)

Prepare: number of updated asset objects reloaded= 0
AssetImportParameters requested are different than current active one (requested -> active):
  custom:container-demuxer-ogg: 62fdf1f143b41e24485cea50d1cbac27 -> 
  custom:video-decoder-ogg-theora: a1e56fd34408186e4bbccfd4996cb3dc -> 
  custom:framework-win-MediaFoundation: 216162199b28c13a410421893ffa2e32 -> 
  custom:scripting/monoscript/fileName/ThirdPersonController - Copy.cs: 03892e8a3906ae42cd727c63c23e2bf8 -> 
  custom:CustomObjectIndexerAttribute: 9a22284fe3817be447336de3de66b15e -> 
  custom:scripting/monoscript/fileName/TragetPosition.cs: e31ce218b4463c40aa56d92d4febefb8 -> b7a24254d5475c571a8b326ffd386b16
  custom:container-demuxer-webm: 4f35f7cbe854078d1ac9338744f61a02 -> 
  custom:scripting/monoscript/fileName/CommentedThirdPersonController.cs: 0943a57b3cf0354a8728436459a480ad -> 441c4810ef4143ade1481edab01fa108
  custom:container-muxer-webm: aa71ff27fc2769a1b78a27578f13a17b -> 
  custom:video-decoder-webm-vp8: 9c59270c3fd7afecdb556c50c9e8de78 -> 
  custom:scripting/monoscript/fileName/CommentedCameraController.cs: 493d58866cf10170b35708ae49d06c61 -> e5b7eec27a2059315763f642911f562c
  custom:SearchIndexIgnoredProperties: e643bd26f0fe6173181afceb89e7c659 -> 
  custom:AudioImporter_EditorPlatform: d09bf68614088b80899f8185d706f6e7 -> 
  custom:scripting/monoscript/fileName/CameraController.cs: 8c1552359b63a9cc2441f8476730760e -> 9afc567523072d385e7e839f14f42a40
  custom:video-encoder-webm-vp8: eb34c28f22e8b96e1ab97ce403110664 -> 
  custom:audio-decoder-ogg-vorbis: bf7c407c2cedff20999df2af8eb42d56 -> 
  custom:audio-encoder-webm-vorbis: bf7c407c2cedff20999df2af8eb42d56 -> 
  custom:scripting/monoscript/fileName/ThirdPersonController.cs: 91636e28239181515614da0a7c6e46e1 -> cf7d433154ff107ea94ee6ccb8fef9ac
  custom:scripting/precompiled-assembly-types:Assembly-CSharp: d4bbe5abb6368a8dfe0c2934de0a4917 -> 52a90a99a74007af874ea8c1833afe23
========================================================================
Received Import Request.
  Time since last request: 90.095585 seconds.
  path: Assets/Scripts/Player
  artifactKey: Guid(b4b071d1203b6a34bbe96cafa6365742) Importer(815301076,1909f56bfc062723c751e8b465ee728b)
Start importing Assets/Scripts/Player using Guid(b4b071d1203b6a34bbe96cafa6365742) Importer(815301076,1909f56bfc062723c751e8b465ee728b) [PhysX] Initialized MultithreadedTaskDispatcher with 16 workers.
 -> (artifact id: '45a9f6af5f1ecc09d36a87e6a646ff2b') in 0.003589 seconds
Number of updated asset objects reloaded before import = 0
Number of asset objects unloaded after import = 0
========================================================================
Received Prepare
Caller must complete domain reload
Begin MonoManager ReloadAssembly
- Loaded All Assemblies, in  0.559 seconds
Native extension for WindowsStandalone target not found
Mono: successfully reloaded assembly
- Finished resetting the current domain, in  1.067 seconds
Domain Reload Profiling: 1624ms
	BeginReloadAssembly (199ms)
		ExecutionOrderSort (0ms)
		DisableScriptedObjects (7ms)
		BackupInstance (0ms)
		ReleaseScriptingObjects (0ms)
		CreateAndSetChildDomain (42ms)
	RebuildCommonClasses (42ms)
	RebuildNativeTypeToScriptingClass (14ms)
	initialDomainReloadingComplete (37ms)
	LoadAllAssembliesAndSetupDomain (264ms)
		LoadAssemblies (346ms)
		RebuildTransferFunctionScriptingTraits (0ms)
		AnalyzeDomain (33ms)
			TypeCache.Refresh (14ms)
				TypeCache.ScanAssembly (0ms)
			ScanForSourceGeneratedMonoScriptInfo (9ms)
			ResolveRequiredComponents (8ms)
	FinalizeReload (1067ms)
		ReleaseScriptCaches (0ms)
		RebuildScriptCaches (0ms)
		SetupLoadedEditorAssemblies (553ms)
			LogAssemblyErrors (0ms)
			InitializePlatformSupportModulesInManaged (9ms)
			SetLoadedEditorAssemblies (4ms)
			RefreshPlugins (0ms)
			BeforeProcessingInitializeOnLoad (80ms)
			ProcessInitializeOnLoadAttributes (422ms)
			ProcessInitializeOnLoadMethodAttributes (30ms)
			AfterProcessingInitializeOnLoad (9ms)
			EditorAssembliesLoaded (0ms)
		ExecutionOrderSort2 (0ms)
		AwakeInstancesAfterBackupRestoration (9ms)
Refreshing native plugins compatible for Editor in 2.60 ms, found 3 plugins.
Preloading 0 native plugins for Editor in 0.00 ms.
Unloading 3439 Unused Serialized files (Serialized files now loaded: 0)
Unloading 15 unused Assets / (99.9 KB). Loaded Objects now: 4056.
Memory consumption went from 126.4 MB to 126.3 MB.
Total: 3.075300 ms (FindLiveObjects: 0.284500 ms CreateObjectMapping: 0.094300 ms MarkObjects: 2.635100 ms  DeleteObjects: 0.060200 ms)

Prepare: number of updated asset objects reloaded= 0
AssetImportParameters requested are different than current active one (requested -> active):
  custom:container-demuxer-ogg: 62fdf1f143b41e24485cea50d1cbac27 -> 
  custom:video-decoder-ogg-theora: a1e56fd34408186e4bbccfd4996cb3dc -> 
  custom:framework-win-MediaFoundation: 216162199b28c13a410421893ffa2e32 -> 
  custom:scripting/monoscript/fileName/ThirdPersonController - Copy.cs: 03892e8a3906ae42cd727c63c23e2bf8 -> 
  custom:CustomObjectIndexerAttribute: 9a22284fe3817be447336de3de66b15e -> 
  custom:scripting/monoscript/fileName/TragetPosition.cs: 08375cde54e7f2eb8c652d8b0aa5be32 -> b7a24254d5475c571a8b326ffd386b16
  custom:container-demuxer-webm: 4f35f7cbe854078d1ac9338744f61a02 -> 
  custom:scripting/monoscript/fileName/CommentedThirdPersonController.cs: e38e92262b4009babcc467ca371cb434 -> 441c4810ef4143ade1481edab01fa108
  custom:container-muxer-webm: aa71ff27fc2769a1b78a27578f13a17b -> 
  custom:video-decoder-webm-vp8: 9c59270c3fd7afecdb556c50c9e8de78 -> 
  custom:scripting/monoscript/fileName/CommentedCameraController.cs: 92e5c5e2ef4acc3671d2c1f7f1d3d064 -> e5b7eec27a2059315763f642911f562c
  custom:SearchIndexIgnoredProperties: e643bd26f0fe6173181afceb89e7c659 -> 
  custom:AudioImporter_EditorPlatform: d09bf68614088b80899f8185d706f6e7 -> 
  custom:scripting/monoscript/fileName/CameraController.cs: f25707b07ec73b5f92c6fdcd6f3a2927 -> 9afc567523072d385e7e839f14f42a40
  custom:video-encoder-webm-vp8: eb34c28f22e8b96e1ab97ce403110664 -> 
  custom:audio-decoder-ogg-vorbis: bf7c407c2cedff20999df2af8eb42d56 -> 
  custom:audio-encoder-webm-vorbis: bf7c407c2cedff20999df2af8eb42d56 -> 
  custom:scripting/monoscript/fileName/ThirdPersonController.cs: 6e906488c24e86dbb21dc55f492daacd -> cf7d433154ff107ea94ee6ccb8fef9ac
  custom:scripting/precompiled-assembly-types:Assembly-CSharp: c6a961d54aa3923e2a17b1916a908683 -> 52a90a99a74007af874ea8c1833afe23
========================================================================
Received Import Request.
  Time since last request: 18.459714 seconds.
  path: Assets/Scripts/Player/TPS
  artifactKey: Guid(6e6ef599d982b6b4a9b264ad88c72292) Importer(815301076,1909f56bfc062723c751e8b465ee728b)
Start importing Assets/Scripts/Player/TPS using Guid(6e6ef599d982b6b4a9b264ad88c72292) Importer(815301076,1909f56bfc062723c751e8b465ee728b) [PhysX] Initialized MultithreadedTaskDispatcher with 16 workers.
 -> (artifact id: '51f6634bfd461ba6cd508ba0c61a494c') in 0.002230 seconds
Number of updated asset objects reloaded before import = 0
Number of asset objects unloaded after import = 0
========================================================================
Received Import Request.
  Time since last request: 2.062863 seconds.
  path: Assets/Scripts/Player/ThirdPersonController.cs
  artifactKey: Guid(4dbd62af2a25df34c9a8e8a7bcb2c370) Importer(815301076,1909f56bfc062723c751e8b465ee728b)
Start importing Assets/Scripts/Player/ThirdPersonController.cs using Guid(4dbd62af2a25df34c9a8e8a7bcb2c370) Importer(815301076,1909f56bfc062723c751e8b465ee728b) [PhysX] Initialized MultithreadedTaskDispatcher with 16 workers.
 -> (artifact id: '6f755d93bb3fcb7b5310a663082333c7') in 0.000482 seconds
Number of updated asset objects reloaded before import = 0
Number of asset objects unloaded after import = 0
========================================================================
Received Import Request.
  Time since last request: 3.828333 seconds.
  path: Assets/Scripts/Player/CommentedCameraController.cs
  artifactKey: Guid(3ae02162f69241e44973a78d776ef7c1) Importer(815301076,1909f56bfc062723c751e8b465ee728b)
Start importing Assets/Scripts/Player/CommentedCameraController.cs using Guid(3ae02162f69241e44973a78d776ef7c1) Importer(815301076,1909f56bfc062723c751e8b465ee728b) [PhysX] Initialized MultithreadedTaskDispatcher with 16 workers.
 -> (artifact id: '9be3451612277a98307b9b0b54b616fe') in 0.000642 seconds
Number of updated asset objects reloaded before import = 0
Number of asset objects unloaded after import = 0
========================================================================
Received Prepare
Caller must complete domain reload
Begin MonoManager ReloadAssembly
- Loaded All Assemblies, in  0.610 seconds
Native extension for WindowsStandalone target not found
Mono: successfully reloaded assembly
- Finished resetting the current domain, in  1.079 seconds
Domain Reload Profiling: 1688ms
	BeginReloadAssembly (203ms)
		ExecutionOrderSort (0ms)
		DisableScriptedObjects (8ms)
		BackupInstance (0ms)
		ReleaseScriptingObjects (0ms)
		CreateAndSetChildDomain (43ms)
	RebuildCommonClasses (43ms)
	RebuildNativeTypeToScriptingClass (15ms)
	initialDomainReloadingComplete (38ms)
	LoadAllAssembliesAndSetupDomain (309ms)
		LoadAssemblies (386ms)
		RebuildTransferFunctionScriptingTraits (0ms)
		AnalyzeDomain (40ms)
			TypeCache.Refresh (19ms)
				TypeCache.ScanAssembly (0ms)
			ScanForSourceGeneratedMonoScriptInfo (8ms)
			ResolveRequiredComponents (9ms)
	FinalizeReload (1080ms)
		ReleaseScriptCaches (0ms)
		RebuildScriptCaches (0ms)
		SetupLoadedEditorAssemblies (551ms)
			LogAssemblyErrors (0ms)
			InitializePlatformSupportModulesInManaged (9ms)
			SetLoadedEditorAssemblies (5ms)
			RefreshPlugins (0ms)
			BeforeProcessingInitializeOnLoad (78ms)
			ProcessInitializeOnLoadAttributes (418ms)
			ProcessInitializeOnLoadMethodAttributes (31ms)
			AfterProcessingInitializeOnLoad (10ms)
			EditorAssembliesLoaded (0ms)
		ExecutionOrderSort2 (0ms)
		AwakeInstancesAfterBackupRestoration (9ms)
Refreshing native plugins compatible for Editor in 2.27 ms, found 3 plugins.
Preloading 0 native plugins for Editor in 0.00 ms.
Unloading 3439 Unused Serialized files (Serialized files now loaded: 0)
Unloading 15 unused Assets / (99.8 KB). Loaded Objects now: 4072.
Memory consumption went from 126.4 MB to 126.3 MB.
Total: 4.453400 ms (FindLiveObjects: 0.289200 ms CreateObjectMapping: 0.094200 ms MarkObjects: 3.978100 ms  DeleteObjects: 0.090500 ms)

Prepare: number of updated asset objects reloaded= 0
AssetImportParameters requested are different than current active one (requested -> active):
  custom:container-demuxer-ogg: 62fdf1f143b41e24485cea50d1cbac27 -> 
  custom:video-decoder-ogg-theora: a1e56fd34408186e4bbccfd4996cb3dc -> 
  custom:framework-win-MediaFoundation: 216162199b28c13a410421893ffa2e32 -> 
  custom:scripting/monoscript/fileName/ThirdPersonController - Copy.cs: 03892e8a3906ae42cd727c63c23e2bf8 -> 
  custom:CustomObjectIndexerAttribute: 9a22284fe3817be447336de3de66b15e -> 
  custom:scripting/monoscript/fileName/TragetPosition.cs: 08375cde54e7f2eb8c652d8b0aa5be32 -> b7a24254d5475c571a8b326ffd386b16
  custom:container-demuxer-webm: 4f35f7cbe854078d1ac9338744f61a02 -> 
  custom:scripting/monoscript/fileName/CommentedThirdPersonController.cs: e38e92262b4009babcc467ca371cb434 -> 441c4810ef4143ade1481edab01fa108
  custom:container-muxer-webm: aa71ff27fc2769a1b78a27578f13a17b -> 
  custom:video-decoder-webm-vp8: 9c59270c3fd7afecdb556c50c9e8de78 -> 
  custom:scripting/monoscript/fileName/CommentedCameraController.cs: 92e5c5e2ef4acc3671d2c1f7f1d3d064 -> e5b7eec27a2059315763f642911f562c
  custom:SearchIndexIgnoredProperties: e643bd26f0fe6173181afceb89e7c659 -> 
  custom:AudioImporter_EditorPlatform: d09bf68614088b80899f8185d706f6e7 -> 
  custom:scripting/monoscript/fileName/CameraController.cs: f25707b07ec73b5f92c6fdcd6f3a2927 -> 9afc567523072d385e7e839f14f42a40
  custom:video-encoder-webm-vp8: eb34c28f22e8b96e1ab97ce403110664 -> 
  custom:audio-decoder-ogg-vorbis: bf7c407c2cedff20999df2af8eb42d56 -> 
  custom:audio-encoder-webm-vorbis: bf7c407c2cedff20999df2af8eb42d56 -> 
  custom:scripting/monoscript/fileName/ThirdPersonController.cs: c5e5dfa9799b8182be4736b7661fb12f -> cf7d433154ff107ea94ee6ccb8fef9ac
  custom:scripting/precompiled-assembly-types:Assembly-CSharp: ab1a3a6cbfde500f1b20a76300e15c04 -> 52a90a99a74007af874ea8c1833afe23
========================================================================
Received Prepare
Caller must complete domain reload
Begin MonoManager ReloadAssembly
- Loaded All Assemblies, in  0.579 seconds
Native extension for WindowsStandalone target not found
Mono: successfully reloaded assembly
- Finished resetting the current domain, in  1.063 seconds
Domain Reload Profiling: 1642ms
	BeginReloadAssembly (192ms)
		ExecutionOrderSort (0ms)
		DisableScriptedObjects (7ms)
		BackupInstance (0ms)
		ReleaseScriptingObjects (0ms)
		CreateAndSetChildDomain (40ms)
	RebuildCommonClasses (44ms)
	RebuildNativeTypeToScriptingClass (15ms)
	initialDomainReloadingComplete (39ms)
	LoadAllAssembliesAndSetupDomain (288ms)
		LoadAssemblies (358ms)
		RebuildTransferFunctionScriptingTraits (0ms)
		AnalyzeDomain (40ms)
			TypeCache.Refresh (18ms)
				TypeCache.ScanAssembly (0ms)
			ScanForSourceGeneratedMonoScriptInfo (10ms)
			ResolveRequiredComponents (7ms)
	FinalizeReload (1065ms)
		ReleaseScriptCaches (0ms)
		RebuildScriptCaches (0ms)
		SetupLoadedEditorAssemblies (548ms)
			LogAssemblyErrors (0ms)
			InitializePlatformSupportModulesInManaged (9ms)
			SetLoadedEditorAssemblies (3ms)
			RefreshPlugins (0ms)
			BeforeProcessingInitializeOnLoad (79ms)
			ProcessInitializeOnLoadAttributes (418ms)
			ProcessInitializeOnLoadMethodAttributes (29ms)
			AfterProcessingInitializeOnLoad (9ms)
			EditorAssembliesLoaded (0ms)
		ExecutionOrderSort2 (0ms)
		AwakeInstancesAfterBackupRestoration (9ms)
Refreshing native plugins compatible for Editor in 4.28 ms, found 3 plugins.
Preloading 0 native plugins for Editor in 0.00 ms.
Unloading 3440 Unused Serialized files (Serialized files now loaded: 0)
Unloading 15 unused Assets / (99.9 KB). Loaded Objects now: 4088.
Memory consumption went from 126.6 MB to 126.6 MB.
Total: 6.009800 ms (FindLiveObjects: 0.306000 ms CreateObjectMapping: 1.211600 ms MarkObjects: 4.432800 ms  DeleteObjects: 0.057800 ms)

Prepare: number of updated asset objects reloaded= 0
AssetImportParameters requested are different than current active one (requested -> active):
  custom:container-demuxer-ogg: 62fdf1f143b41e24485cea50d1cbac27 -> 
  custom:video-decoder-ogg-theora: a1e56fd34408186e4bbccfd4996cb3dc -> 
  custom:framework-win-MediaFoundation: 216162199b28c13a410421893ffa2e32 -> 
  custom:scripting/monoscript/fileName/ThirdPersonController - Copy.cs: 03892e8a3906ae42cd727c63c23e2bf8 -> 
  custom:CustomObjectIndexerAttribute: 9a22284fe3817be447336de3de66b15e -> 
  custom:scripting/monoscript/fileName/TragetPosition.cs: 08375cde54e7f2eb8c652d8b0aa5be32 -> b7a24254d5475c571a8b326ffd386b16
  custom:container-demuxer-webm: 4f35f7cbe854078d1ac9338744f61a02 -> 
  custom:scripting/monoscript/fileName/CommentedThirdPersonController.cs: 3d8522d366d77080c44f40c9582b2edc -> 441c4810ef4143ade1481edab01fa108
  custom:container-muxer-webm: aa71ff27fc2769a1b78a27578f13a17b -> 
  custom:video-decoder-webm-vp8: 9c59270c3fd7afecdb556c50c9e8de78 -> 
  custom:scripting/monoscript/fileName/CommentedCameraController.cs: 92e5c5e2ef4acc3671d2c1f7f1d3d064 -> e5b7eec27a2059315763f642911f562c
  custom:SearchIndexIgnoredProperties: e643bd26f0fe6173181afceb89e7c659 -> 
  custom:AudioImporter_EditorPlatform: d09bf68614088b80899f8185d706f6e7 -> 
  custom:scripting/monoscript/fileName/CameraController.cs: f25707b07ec73b5f92c6fdcd6f3a2927 -> 9afc567523072d385e7e839f14f42a40
  custom:video-encoder-webm-vp8: eb34c28f22e8b96e1ab97ce403110664 -> 
  custom:audio-decoder-ogg-vorbis: bf7c407c2cedff20999df2af8eb42d56 -> 
  custom:audio-encoder-webm-vorbis: bf7c407c2cedff20999df2af8eb42d56 -> 
  custom:scripting/monoscript/fileName/ThirdPersonController.cs: c5e5dfa9799b8182be4736b7661fb12f -> cf7d433154ff107ea94ee6ccb8fef9ac
  custom:scripting/precompiled-assembly-types:Assembly-CSharp: e2ecd3f8719c6c8647cc9f50a71abd80 -> 52a90a99a74007af874ea8c1833afe23
========================================================================
Received Import Request.
  Time since last request: 9.382819 seconds.
  path: Assets/Scripts/Player/TPS/CommentedThirdPersonController.cs
  artifactKey: Guid(0678ef866ba9a7f41aa2b54d05618c8c) Importer(815301076,1909f56bfc062723c751e8b465ee728b)
Start importing Assets/Scripts/Player/TPS/CommentedThirdPersonController.cs using Guid(0678ef866ba9a7f41aa2b54d05618c8c) Importer(815301076,1909f56bfc062723c751e8b465ee728b) [PhysX] Initialized MultithreadedTaskDispatcher with 16 workers.
 -> (artifact id: '2d3e37decfcb106c5f240116eb776cc1') in 0.002819 seconds
Number of updated asset objects reloaded before import = 0
Number of asset objects unloaded after import = 0
========================================================================
Received Import Request.
  Time since last request: 8.726507 seconds.
  path: Assets/Scripts/Player/TPS/CameraContoll
  artifactKey: Guid(7fbb4356660e50c49915a206540d730f) Importer(815301076,1909f56bfc062723c751e8b465ee728b)
Start importing Assets/Scripts/Player/TPS/CameraContoll using Guid(7fbb4356660e50c49915a206540d730f) Importer(815301076,1909f56bfc062723c751e8b465ee728b) [PhysX] Initialized MultithreadedTaskDispatcher with 16 workers.
 -> (artifact id: '62177c8f8971fddb7dfbe5726cc85c56') in 0.000492 seconds
Number of updated asset objects reloaded before import = 0
Number of asset objects unloaded after import = 0
========================================================================
Received Import Request.
  Time since last request: 3.801240 seconds.
  path: Assets/Scripts/Player/TragetPosition.cs
  artifactKey: Guid(fc49ac2ac072d64418d8b53ede469c90) Importer(815301076,1909f56bfc062723c751e8b465ee728b)
Start importing Assets/Scripts/Player/TragetPosition.cs using Guid(fc49ac2ac072d64418d8b53ede469c90) Importer(815301076,1909f56bfc062723c751e8b465ee728b) [PhysX] Initialized MultithreadedTaskDispatcher with 16 workers.
 -> (artifact id: '0e3d6260dcd8c83aa50a026ccc936893') in 0.000490 seconds
Number of updated asset objects reloaded before import = 0
Number of asset objects unloaded after import = 0
========================================================================
Received Prepare
Caller must complete domain reload
Begin MonoManager ReloadAssembly
- Loaded All Assemblies, in  0.547 seconds
Native extension for WindowsStandalone target not found
Mono: successfully reloaded assembly
- Finished resetting the current domain, in  1.076 seconds
Domain Reload Profiling: 1623ms
	BeginReloadAssembly (195ms)
		ExecutionOrderSort (0ms)
		DisableScriptedObjects (7ms)
		BackupInstance (0ms)
		ReleaseScriptingObjects (0ms)
		CreateAndSetChildDomain (42ms)
	RebuildCommonClasses (43ms)
	RebuildNativeTypeToScriptingClass (15ms)
	initialDomainReloadingComplete (38ms)
	LoadAllAssembliesAndSetupDomain (255ms)
		LoadAssemblies (331ms)
		RebuildTransferFunctionScriptingTraits (0ms)
		AnalyzeDomain (33ms)
			TypeCache.Refresh (14ms)
				TypeCache.ScanAssembly (0ms)
			ScanForSourceGeneratedMonoScriptInfo (9ms)
			ResolveRequiredComponents (9ms)
	FinalizeReload (1077ms)
		ReleaseScriptCaches (0ms)
		RebuildScriptCaches (0ms)
		SetupLoadedEditorAssemblies (571ms)
			LogAssemblyErrors (0ms)
			InitializePlatformSupportModulesInManaged (9ms)
			SetLoadedEditorAssemblies (3ms)
			RefreshPlugins (0ms)
			BeforeProcessingInitializeOnLoad (77ms)
			ProcessInitializeOnLoadAttributes (440ms)
			ProcessInitializeOnLoadMethodAttributes (31ms)
			AfterProcessingInitializeOnLoad (10ms)
			EditorAssembliesLoaded (1ms)
		ExecutionOrderSort2 (0ms)
		AwakeInstancesAfterBackupRestoration (9ms)
Refreshing native plugins compatible for Editor in 2.17 ms, found 3 plugins.
Preloading 0 native plugins for Editor in 0.00 ms.
Unloading 3439 Unused Serialized files (Serialized files now loaded: 0)
Unloading 15 unused Assets / (99.9 KB). Loaded Objects now: 4104.
Memory consumption went from 126.4 MB to 126.3 MB.
Total: 4.908900 ms (FindLiveObjects: 0.476400 ms CreateObjectMapping: 0.124700 ms MarkObjects: 4.206000 ms  DeleteObjects: 0.100500 ms)

Prepare: number of updated asset objects reloaded= 0
AssetImportParameters requested are different than current active one (requested -> active):
  custom:container-demuxer-ogg: 62fdf1f143b41e24485cea50d1cbac27 -> 
  custom:video-decoder-ogg-theora: a1e56fd34408186e4bbccfd4996cb3dc -> 
  custom:framework-win-MediaFoundation: 216162199b28c13a410421893ffa2e32 -> 
  custom:scripting/monoscript/fileName/ThirdPersonController - Copy.cs: 03892e8a3906ae42cd727c63c23e2bf8 -> 
  custom:CustomObjectIndexerAttribute: 9a22284fe3817be447336de3de66b15e -> 
  custom:scripting/monoscript/fileName/TragetPosition.cs: 63009678c5ee4a9fb8dfb07d3eeac199 -> b7a24254d5475c571a8b326ffd386b16
  custom:container-demuxer-webm: 4f35f7cbe854078d1ac9338744f61a02 -> 
  custom:scripting/monoscript/fileName/CommentedThirdPersonController.cs: 3d8522d366d77080c44f40c9582b2edc -> 441c4810ef4143ade1481edab01fa108
  custom:container-muxer-webm: aa71ff27fc2769a1b78a27578f13a17b -> 
  custom:video-decoder-webm-vp8: 9c59270c3fd7afecdb556c50c9e8de78 -> 
  custom:scripting/monoscript/fileName/CommentedCameraController.cs: 5fd45964d9174e2c67555e11362e42fd -> e5b7eec27a2059315763f642911f562c
  custom:SearchIndexIgnoredProperties: e643bd26f0fe6173181afceb89e7c659 -> 
  custom:AudioImporter_EditorPlatform: d09bf68614088b80899f8185d706f6e7 -> 
  custom:scripting/monoscript/fileName/CameraController.cs: f25707b07ec73b5f92c6fdcd6f3a2927 -> 9afc567523072d385e7e839f14f42a40
  custom:video-encoder-webm-vp8: eb34c28f22e8b96e1ab97ce403110664 -> 
  custom:audio-decoder-ogg-vorbis: bf7c407c2cedff20999df2af8eb42d56 -> 
  custom:audio-encoder-webm-vorbis: bf7c407c2cedff20999df2af8eb42d56 -> 
  custom:scripting/monoscript/fileName/ThirdPersonController.cs: c5e5dfa9799b8182be4736b7661fb12f -> cf7d433154ff107ea94ee6ccb8fef9ac
  custom:scripting/precompiled-assembly-types:Assembly-CSharp: f33f3ce34f8971f73fa12ab9df3c09dd -> 52a90a99a74007af874ea8c1833afe23
========================================================================
Received Prepare
Caller must complete domain reload
Begin MonoManager ReloadAssembly
- Loaded All Assemblies, in  0.581 seconds
Native extension for WindowsStandalone target not found
Mono: successfully reloaded assembly
- Finished resetting the current domain, in  1.077 seconds
Domain Reload Profiling: 1657ms
	BeginReloadAssembly (199ms)
		ExecutionOrderSort (0ms)
		DisableScriptedObjects (7ms)
		BackupInstance (0ms)
		ReleaseScriptingObjects (0ms)
		CreateAndSetChildDomain (46ms)
	RebuildCommonClasses (43ms)
	RebuildNativeTypeToScriptingClass (16ms)
	initialDomainReloadingComplete (37ms)
	LoadAllAssembliesAndSetupDomain (285ms)
		LoadAssemblies (359ms)
		RebuildTransferFunctionScriptingTraits (0ms)
		AnalyzeDomain (37ms)
			TypeCache.Refresh (17ms)
				TypeCache.ScanAssembly (0ms)
			ScanForSourceGeneratedMonoScriptInfo (10ms)
			ResolveRequiredComponents (8ms)
	FinalizeReload (1078ms)
		ReleaseScriptCaches (0ms)
		RebuildScriptCaches (0ms)
		SetupLoadedEditorAssemblies (542ms)
			LogAssemblyErrors (0ms)
			InitializePlatformSupportModulesInManaged (10ms)
			SetLoadedEditorAssemblies (3ms)
			RefreshPlugins (0ms)
			BeforeProcessingInitializeOnLoad (74ms)
			ProcessInitializeOnLoadAttributes (415ms)
			ProcessInitializeOnLoadMethodAttributes (30ms)
			AfterProcessingInitializeOnLoad (9ms)
			EditorAssembliesLoaded (0ms)
		ExecutionOrderSort2 (0ms)
		AwakeInstancesAfterBackupRestoration (9ms)
Refreshing native plugins compatible for Editor in 3.81 ms, found 3 plugins.
Preloading 0 native plugins for Editor in 0.00 ms.
Unloading 3440 Unused Serialized files (Serialized files now loaded: 0)
Unloading 15 unused Assets / (99.9 KB). Loaded Objects now: 4120.
Memory consumption went from 126.7 MB to 126.6 MB.
Total: 3.636400 ms (FindLiveObjects: 0.367100 ms CreateObjectMapping: 0.115500 ms MarkObjects: 3.089000 ms  DeleteObjects: 0.063800 ms)

Prepare: number of updated asset objects reloaded= 0
AssetImportParameters requested are different than current active one (requested -> active):
  custom:container-demuxer-ogg: 62fdf1f143b41e24485cea50d1cbac27 -> 
  custom:video-decoder-ogg-theora: a1e56fd34408186e4bbccfd4996cb3dc -> 
  custom:framework-win-MediaFoundation: 216162199b28c13a410421893ffa2e32 -> 
  custom:scripting/monoscript/fileName/ThirdPersonController - Copy.cs: 03892e8a3906ae42cd727c63c23e2bf8 -> 
  custom:CustomObjectIndexerAttribute: 9a22284fe3817be447336de3de66b15e -> 
  custom:scripting/monoscript/fileName/TragetPosition.cs: 63009678c5ee4a9fb8dfb07d3eeac199 -> b7a24254d5475c571a8b326ffd386b16
  custom:container-demuxer-webm: 4f35f7cbe854078d1ac9338744f61a02 -> 
  custom:scripting/monoscript/fileName/CommentedThirdPersonController.cs: 3d8522d366d77080c44f40c9582b2edc -> 441c4810ef4143ade1481edab01fa108
  custom:container-muxer-webm: aa71ff27fc2769a1b78a27578f13a17b -> 
  custom:video-decoder-webm-vp8: 9c59270c3fd7afecdb556c50c9e8de78 -> 
  custom:scripting/monoscript/fileName/CommentedCameraController.cs: 5fd45964d9174e2c67555e11362e42fd -> e5b7eec27a2059315763f642911f562c
  custom:SearchIndexIgnoredProperties: e643bd26f0fe6173181afceb89e7c659 -> 
  custom:AudioImporter_EditorPlatform: d09bf68614088b80899f8185d706f6e7 -> 
  custom:scripting/monoscript/fileName/CameraController.cs: 12060cbf9eae08dcdbc1b61670bdb396 -> 9afc567523072d385e7e839f14f42a40
  custom:video-encoder-webm-vp8: eb34c28f22e8b96e1ab97ce403110664 -> 
  custom:audio-decoder-ogg-vorbis: bf7c407c2cedff20999df2af8eb42d56 -> 
  custom:audio-encoder-webm-vorbis: bf7c407c2cedff20999df2af8eb42d56 -> 
  custom:scripting/monoscript/fileName/ThirdPersonController.cs: c5e5dfa9799b8182be4736b7661fb12f -> cf7d433154ff107ea94ee6ccb8fef9ac
  custom:scripting/precompiled-assembly-types:Assembly-CSharp: b6e89eb671596aa5e9c9939862ac16af -> 52a90a99a74007af874ea8c1833afe23
========================================================================
Received Import Request.
  Time since last request: 9.380252 seconds.
  path: Assets/Scripts/Player/TPS/CameraContoll/TragetPosition.cs
  artifactKey: Guid(fc49ac2ac072d64418d8b53ede469c90) Importer(815301076,1909f56bfc062723c751e8b465ee728b)
Start importing Assets/Scripts/Player/TPS/CameraContoll/TragetPosition.cs using Guid(fc49ac2ac072d64418d8b53ede469c90) Importer(815301076,1909f56bfc062723c751e8b465ee728b) [PhysX] Initialized MultithreadedTaskDispatcher with 16 workers.
 -> (artifact id: 'c1c5f48a99abd917f5c56d4a58c509e6') in 0.003115 seconds
Number of updated asset objects reloaded before import = 0
Number of asset objects unloaded after import = 0
========================================================================
Received Import Request.
  Time since last request: 0.838535 seconds.
  path: Assets/EasyStart Third Person Controller/Prefabs/Source/Models/FuturisticSoldier.fbx
  artifactKey: Guid(2222703f9efe56245b5a6e4acc93e2f2) Importer(815301076,1909f56bfc062723c751e8b465ee728b)
Start importing Assets/EasyStart Third Person Controller/Prefabs/Source/Models/FuturisticSoldier.fbx using Guid(2222703f9efe56245b5a6e4acc93e2f2) Importer(815301076,1909f56bfc062723c751e8b465ee728b) [PhysX] Initialized MultithreadedTaskDispatcher with 16 workers.
[PhysX] Initialized MultithreadedTaskDispatcher with 16 workers.
[PhysX] Initialized MultithreadedTaskDispatcher with 16 workers.
[PhysX] Initialized MultithreadedTaskDispatcher with 16 workers.
[PhysX] Initialized MultithreadedTaskDispatcher with 16 workers.
[PhysX] Initialized MultithreadedTaskDispatcher with 16 workers.
[PhysX] Initialized MultithreadedTaskDispatcher with 16 workers.
[PhysX] Initialized MultithreadedTaskDispatcher with 16 workers.
[PhysX] Initialized MultithreadedTaskDispatcher with 16 workers.
 -> (artifact id: '337e6080db773d508afa7c5e5d79ed1e') in 0.276688 seconds
Number of updated asset objects reloaded before import = 0
Number of asset objects unloaded after import = 198
========================================================================
Received Import Request.
  Time since last request: 2.649182 seconds.
  path: Assets/EasyStart Third Person Controller/Prefabs/ThirdPersonController.prefab
  artifactKey: Guid(268bbd229edfdba45a4d45903e472716) Importer(815301076,1909f56bfc062723c751e8b465ee728b)
Start importing Assets/EasyStart Third Person Controller/Prefabs/ThirdPersonController.prefab using Guid(268bbd229edfdba45a4d45903e472716) Importer(815301076,1909f56bfc062723c751e8b465ee728b) [PhysX] Initialized MultithreadedTaskDispatcher with 16 workers.
[PhysX] Initialized MultithreadedTaskDispatcher with 16 workers.
 -> (artifact id: '67ec8580304a586c1ecc1eecdadbdc32') in 0.065509 seconds
Number of updated asset objects reloaded before import = 0
Number of asset objects unloaded after import = 418
========================================================================
Received Import Request.
  Time since last request: 12.561287 seconds.
  path: Assets/Model
  artifactKey: Guid(7f258f1cdedc397459e2915c4b417433) Importer(815301076,1909f56bfc062723c751e8b465ee728b)
Start importing Assets/Model using Guid(7f258f1cdedc397459e2915c4b417433) Importer(815301076,1909f56bfc062723c751e8b465ee728b) [PhysX] Initialized MultithreadedTaskDispatcher with 16 workers.
 -> (artifact id: '91d9c9ceb48c1edaeb1431836df1a417') in 0.000526 seconds
Number of updated asset objects reloaded before import = 0
Number of asset objects unloaded after import = 0
========================================================================
Received Import Request.
  Time since last request: 3.839126 seconds.
  path: Assets/Models
  artifactKey: Guid(7f258f1cdedc397459e2915c4b417433) Importer(815301076,1909f56bfc062723c751e8b465ee728b)
Start importing Assets/Models using Guid(7f258f1cdedc397459e2915c4b417433) Importer(815301076,1909f56bfc062723c751e8b465ee728b) [PhysX] Initialized MultithreadedTaskDispatcher with 16 workers.
 -> (artifact id: '4dcf5fb86fa15ce1410db0067821d112') in 0.000498 seconds
Number of updated asset objects reloaded before import = 0
Number of asset objects unloaded after import = 0
========================================================================
Received Import Request.
  Time since last request: 5.905749 seconds.
  path: Assets/Prefs
  artifactKey: Guid(1c3de8f20fd0232458f43d8076bcc4af) Importer(815301076,1909f56bfc062723c751e8b465ee728b)
Start importing Assets/Prefs using Guid(1c3de8f20fd0232458f43d8076bcc4af) Importer(815301076,1909f56bfc062723c751e8b465ee728b) [PhysX] Initialized MultithreadedTaskDispatcher with 16 workers.
 -> (artifact id: '5f5e3ba696cc98b448ff185a46d956df') in 0.000774 seconds
Number of updated asset objects reloaded before import = 0
Number of asset objects unloaded after import = 0
========================================================================
Received Import Request.
  Time since last request: 8.316375 seconds.
  path: Assets/Material
  artifactKey: Guid(ea8a5dfd4e299284cb53968363d9cdab) Importer(815301076,1909f56bfc062723c751e8b465ee728b)
Start importing Assets/Material using Guid(ea8a5dfd4e299284cb53968363d9cdab) Importer(815301076,1909f56bfc062723c751e8b465ee728b) [PhysX] Initialized MultithreadedTaskDispatcher with 16 workers.
 -> (artifact id: '12bcc7e488e99967ed051e89250e9595') in 0.000997 seconds
Number of updated asset objects reloaded before import = 0
Number of asset objects unloaded after import = 0
========================================================================
Received Import Request.
  Time since last request: 8.612436 seconds.
  path: Assets/Material/Texsture
  artifactKey: Guid(73ae1e6a15db45d4d91d37a61d98bf54) Importer(815301076,1909f56bfc062723c751e8b465ee728b)
Start importing Assets/Material/Texsture using Guid(73ae1e6a15db45d4d91d37a61d98bf54) Importer(815301076,1909f56bfc062723c751e8b465ee728b) [PhysX] Initialized MultithreadedTaskDispatcher with 16 workers.
 -> (artifact id: '4f0efe003e3a6f586933b44bae2dd2ca') in 0.000500 seconds
Number of updated asset objects reloaded before import = 0
Number of asset objects unloaded after import = 0
========================================================================
Received Import Request.
  Time since last request: 33.409945 seconds.
  path: Assets/Material/New Folder
  artifactKey: Guid(8e502d0c90477574b9a90eacab51d135) Importer(815301076,1909f56bfc062723c751e8b465ee728b)
Start importing Assets/Material/New Folder using Guid(8e502d0c90477574b9a90eacab51d135) Importer(815301076,1909f56bfc062723c751e8b465ee728b) [PhysX] Initialized MultithreadedTaskDispatcher with 16 workers.
 -> (artifact id: 'aa7c7e78d6e7cfd35266f65713215772') in 0.000901 seconds
Number of updated asset objects reloaded before import = 0
Number of asset objects unloaded after import = 0
========================================================================
Received Import Request.
  Time since last request: 7.724433 seconds.
  path: Assets/Material/Modules
  artifactKey: Guid(8e502d0c90477574b9a90eacab51d135) Importer(815301076,1909f56bfc062723c751e8b465ee728b)
Start importing Assets/Material/Modules using Guid(8e502d0c90477574b9a90eacab51d135) Importer(815301076,1909f56bfc062723c751e8b465ee728b) [PhysX] Initialized MultithreadedTaskDispatcher with 16 workers.
 -> (artifact id: '5173656a76f0a3cc6f969cb594e55265') in 0.000832 seconds
Number of updated asset objects reloaded before import = 0
Number of asset objects unloaded after import = 0
========================================================================
Received Import Request.
  Time since last request: 9.023240 seconds.
  path: Assets/Material/Modules/Class 1
  artifactKey: Guid(228265e83dc0d444caae2ddf99a42809) Importer(815301076,1909f56bfc062723c751e8b465ee728b)
Start importing Assets/Material/Modules/Class 1 using Guid(228265e83dc0d444caae2ddf99a42809) Importer(815301076,1909f56bfc062723c751e8b465ee728b) [PhysX] Initialized MultithreadedTaskDispatcher with 16 workers.
 -> (artifact id: '72466bac29af59dbf8599f74a9d9a728') in 0.000539 seconds
Number of updated asset objects reloaded before import = 0
Number of asset objects unloaded after import = 0
========================================================================
Received Import Request.
  Time since last request: 7.087168 seconds.
  path: Assets/Material/Modules/Class 1/Body
  artifactKey: Guid(7f0c83f4553c47a4c8e0ec79dbc5f252) Importer(815301076,1909f56bfc062723c751e8b465ee728b)
Start importing Assets/Material/Modules/Class 1/Body using Guid(7f0c83f4553c47a4c8e0ec79dbc5f252) Importer(815301076,1909f56bfc062723c751e8b465ee728b) [PhysX] Initialized MultithreadedTaskDispatcher with 16 workers.
 -> (artifact id: '74de817d8870d8aac09394a79caf995e') in 0.000616 seconds
Number of updated asset objects reloaded before import = 0
Number of asset objects unloaded after import = 0
========================================================================
Received Import Request.
  Time since last request: 7.042593 seconds.
  path: Assets/Material/Modules/Class 1/Body/New Material.mat
  artifactKey: Guid(92c199a2a88e798428f77a23b96d6632) Importer(815301076,1909f56bfc062723c751e8b465ee728b)
Start importing Assets/Material/Modules/Class 1/Body/New Material.mat using Guid(92c199a2a88e798428f77a23b96d6632) Importer(815301076,1909f56bfc062723c751e8b465ee728b) [PhysX] Initialized MultithreadedTaskDispatcher with 16 workers.
[PhysX] Initialized MultithreadedTaskDispatcher with 16 workers.
 -> (artifact id: 'c322d8259973b30865b6399eed505b97') in 0.015857 seconds
Number of updated asset objects reloaded before import = 0
Number of asset objects unloaded after import = 1
========================================================================
Received Import Request.
  Time since last request: 30.774062 seconds.
  path: Assets/Prefs/Body.prefab
  artifactKey: Guid(a1c9a7b9b40ba064e800d7ea9b9ee1cb) Importer(815301076,1909f56bfc062723c751e8b465ee728b)
Start importing Assets/Prefs/Body.prefab using Guid(a1c9a7b9b40ba064e800d7ea9b9ee1cb) Importer(815301076,1909f56bfc062723c751e8b465ee728b) [PhysX] Initialized MultithreadedTaskDispatcher with 16 workers.
[PhysX] Initialized MultithreadedTaskDispatcher with 16 workers.
 -> (artifact id: 'e2b3311993b696e65a86b8d9eafb74ad') in 0.014137 seconds
Number of updated asset objects reloaded before import = 0
Number of asset objects unloaded after import = 8
========================================================================
Received Import Request.
  Time since last request: 8.628554 seconds.
  path: Assets/Prefs/Body.prefab
  artifactKey: Guid(a1c9a7b9b40ba064e800d7ea9b9ee1cb) Importer(815301076,1909f56bfc062723c751e8b465ee728b)
Start importing Assets/Prefs/Body.prefab using Guid(a1c9a7b9b40ba064e800d7ea9b9ee1cb) Importer(815301076,1909f56bfc062723c751e8b465ee728b) [PhysX] Initialized MultithreadedTaskDispatcher with 16 workers.
[PhysX] Initialized MultithreadedTaskDispatcher with 16 workers.
 -> (artifact id: '76399d0714d8fa17a9239f95d112d332') in 0.016438 seconds
Number of updated asset objects reloaded before import = 0
Number of asset objects unloaded after import = 8
========================================================================
Received Import Request.
  Time since last request: 1.611312 seconds.
  path: Assets/Prefs/Class 1/Body
  artifactKey: Guid(f896b03c2ac33be47a6f63a29d733ce8) Importer(815301076,1909f56bfc062723c751e8b465ee728b)
Start importing Assets/Prefs/Class 1/Body using Guid(f896b03c2ac33be47a6f63a29d733ce8) Importer(815301076,1909f56bfc062723c751e8b465ee728b) [PhysX] Initialized MultithreadedTaskDispatcher with 16 workers.
 -> (artifact id: 'f1e19001dd69b202e49ba56d8d30566f') in 0.000439 seconds
Number of updated asset objects reloaded before import = 0
Number of asset objects unloaded after import = 0
========================================================================
Received Import Request.
  Time since last request: 0.081013 seconds.
  path: Assets/Prefs/Class 1/Body/New Material.mat
  artifactKey: Guid(f3bd6d05b12884941a3259841f8e227b) Importer(815301076,1909f56bfc062723c751e8b465ee728b)
Start importing Assets/Prefs/Class 1/Body/New Material.mat using Guid(f3bd6d05b12884941a3259841f8e227b) Importer(815301076,1909f56bfc062723c751e8b465ee728b) [PhysX] Initialized MultithreadedTaskDispatcher with 16 workers.
[PhysX] Initialized MultithreadedTaskDispatcher with 16 workers.
 -> (artifact id: '945b5236a5426ba019e55f02d632cb77') in 0.018866 seconds
Number of updated asset objects reloaded before import = 0
Number of asset objects unloaded after import = 1
========================================================================
Received Import Request.
  Time since last request: 23.383137 seconds.
  path: Assets/Prefs/Class 1/Body/Body.prefab
  artifactKey: Guid(a1c9a7b9b40ba064e800d7ea9b9ee1cb) Importer(815301076,1909f56bfc062723c751e8b465ee728b)
Start importing Assets/Prefs/Class 1/Body/Body.prefab using Guid(a1c9a7b9b40ba064e800d7ea9b9ee1cb) Importer(815301076,1909f56bfc062723c751e8b465ee728b) [PhysX] Initialized MultithreadedTaskDispatcher with 16 workers.
 -> (artifact id: '7e283eece12acb8f84f8e587375eef1d') in 0.001778 seconds
Number of updated asset objects reloaded before import = 0
Number of asset objects unloaded after import = 6
========================================================================
Received Import Request.
  Time since last request: 56.158517 seconds.
  path: Assets/Prefs/Class 1/Сhassis
  artifactKey: Guid(8522eaee050bad44e83cfb40cacfcff8) Importer(815301076,1909f56bfc062723c751e8b465ee728b)
Start importing Assets/Prefs/Class 1/Сhassis using Guid(8522eaee050bad44e83cfb40cacfcff8) Importer(815301076,1909f56bfc062723c751e8b465ee728b) [PhysX] Initialized MultithreadedTaskDispatcher with 16 workers.
 -> (artifact id: 'd73d87efddb82aed5c76fdb369b30437') in 0.000419 seconds
Number of updated asset objects reloaded before import = 0
Number of asset objects unloaded after import = 0
========================================================================
Received Import Request.
  Time since last request: 3.899224 seconds.
  path: Assets/Material/Modules/Class 1/Сhassis
  artifactKey: Guid(f65ed2e757ec0dd459010babf5baff79) Importer(815301076,1909f56bfc062723c751e8b465ee728b)
Start importing Assets/Material/Modules/Class 1/Сhassis using Guid(f65ed2e757ec0dd459010babf5baff79) Importer(815301076,1909f56bfc062723c751e8b465ee728b) [PhysX] Initialized MultithreadedTaskDispatcher with 16 workers.
 -> (artifact id: '55152481f8a0460c856a5e696f6f62ee') in 0.000461 seconds
Number of updated asset objects reloaded before import = 0
Number of asset objects unloaded after import = 0
========================================================================
Received Import Request.
  Time since last request: 168.387246 seconds.
  path: Assets/Prefs/Class 1/Сhassis/New Material.mat
  artifactKey: Guid(0a64b8d781266764ea2fe648c9a8a203) Importer(815301076,1909f56bfc062723c751e8b465ee728b)
Start importing Assets/Prefs/Class 1/Сhassis/New Material.mat using Guid(0a64b8d781266764ea2fe648c9a8a203) Importer(815301076,1909f56bfc062723c751e8b465ee728b) [PhysX] Initialized MultithreadedTaskDispatcher with 16 workers.
[PhysX] Initialized MultithreadedTaskDispatcher with 16 workers.
 -> (artifact id: '5a156565e93efc5540584a1d64293b8e') in 0.021659 seconds
Number of updated asset objects reloaded before import = 0
Number of asset objects unloaded after import = 1
========================================================================
Received Import Request.
  Time since last request: 0.024785 seconds.
  path: Assets/Prefs/Class 1/Body/Body.prefab
  artifactKey: Guid(a1c9a7b9b40ba064e800d7ea9b9ee1cb) Importer(815301076,1909f56bfc062723c751e8b465ee728b)
Start importing Assets/Prefs/Class 1/Body/Body.prefab using Guid(a1c9a7b9b40ba064e800d7ea9b9ee1cb) Importer(815301076,1909f56bfc062723c751e8b465ee728b) [PhysX] Initialized MultithreadedTaskDispatcher with 16 workers.
[PhysX] Initialized MultithreadedTaskDispatcher with 16 workers.
 -> (artifact id: '55e1c4b73d45abbf55048568b73c18f5') in 0.017388 seconds
Number of updated asset objects reloaded before import = 0
Number of asset objects unloaded after import = 8
========================================================================
Received Import Request.
  Time since last request: 13.144505 seconds.
  path: Assets/Material/Modules/Class 1/Сhassis/New Material.mat
  artifactKey: Guid(0a64b8d781266764ea2fe648c9a8a203) Importer(815301076,1909f56bfc062723c751e8b465ee728b)
Start importing Assets/Material/Modules/Class 1/Сhassis/New Material.mat using Guid(0a64b8d781266764ea2fe648c9a8a203) Importer(815301076,1909f56bfc062723c751e8b465ee728b) [PhysX] Initialized MultithreadedTaskDispatcher with 16 workers.
[PhysX] Initialized MultithreadedTaskDispatcher with 16 workers.
 -> (artifact id: '6bb57dbbefa2525986afe8e16ef6ca86') in 0.016560 seconds
Number of updated asset objects reloaded before import = 0
Number of asset objects unloaded after import = 1
========================================================================
Received Import Request.
  Time since last request: 54.292142 seconds.
  path: Assets/Prefs/Class 1/Сhassis/GameObject.prefab
  artifactKey: Guid(9486a9bc552ddff46a5ffa9ac3aacc49) Importer(815301076,1909f56bfc062723c751e8b465ee728b)
Start importing Assets/Prefs/Class 1/Сhassis/GameObject.prefab using Guid(9486a9bc552ddff46a5ffa9ac3aacc49) Importer(815301076,1909f56bfc062723c751e8b465ee728b) [PhysX] Initialized MultithreadedTaskDispatcher with 16 workers.
[PhysX] Initialized MultithreadedTaskDispatcher with 16 workers.
 -> (artifact id: 'ec0fd4dbb5b8885aaaa9f84bf5d6bfd0') in 0.015030 seconds
Number of updated asset objects reloaded before import = 0
Number of asset objects unloaded after import = 16
========================================================================
Received Import Request.
  Time since last request: 11.823050 seconds.
  path: Assets/Prefs/Class 1/Сhassis/GameObject.prefab
  artifactKey: Guid(9486a9bc552ddff46a5ffa9ac3aacc49) Importer(815301076,1909f56bfc062723c751e8b465ee728b)
Start importing Assets/Prefs/Class 1/Сhassis/GameObject.prefab using Guid(9486a9bc552ddff46a5ffa9ac3aacc49) Importer(815301076,1909f56bfc062723c751e8b465ee728b) [PhysX] Initialized MultithreadedTaskDispatcher with 16 workers.
[PhysX] Initialized MultithreadedTaskDispatcher with 16 workers.
 -> (artifact id: '45fa99b66ea4160b7f26904273cf14c8') in 0.007506 seconds
Number of updated asset objects reloaded before import = 0
Number of asset objects unloaded after import = 16
========================================================================
Received Import Request.
  Time since last request: 21.438268 seconds.
  path: Assets/Prefs/Class 1/Сhassis/Сhassis.prefab
  artifactKey: Guid(9486a9bc552ddff46a5ffa9ac3aacc49) Importer(815301076,1909f56bfc062723c751e8b465ee728b)
Start importing Assets/Prefs/Class 1/Сhassis/Сhassis.prefab using Guid(9486a9bc552ddff46a5ffa9ac3aacc49) Importer(815301076,1909f56bfc062723c751e8b465ee728b) [PhysX] Initialized MultithreadedTaskDispatcher with 16 workers.
[PhysX] Initialized MultithreadedTaskDispatcher with 16 workers.
 -> (artifact id: 'ee28de8e129266fc9da258b2139ba01e') in 0.007319 seconds
Number of updated asset objects reloaded before import = 0
Number of asset objects unloaded after import = 16
========================================================================
Received Import Request.
  Time since last request: 96.907347 seconds.
  path: Assets/Prefs/Class 1/ArmL
  artifactKey: Guid(e9d91ce756e199b4faf3ed01fcfcf33d) Importer(815301076,1909f56bfc062723c751e8b465ee728b)
Start importing Assets/Prefs/Class 1/ArmL using Guid(e9d91ce756e199b4faf3ed01fcfcf33d) Importer(815301076,1909f56bfc062723c751e8b465ee728b) [PhysX] Initialized MultithreadedTaskDispatcher with 16 workers.
 -> (artifact id: 'cf79a25c09dfad9eac445ee0947ba637') in 0.000587 seconds
Number of updated asset objects reloaded before import = 0
Number of asset objects unloaded after import = 0
========================================================================
Received Import Request.
  Time since last request: 6.409252 seconds.
  path: Assets/Prefs/Class 1/ArmL 1
  artifactKey: Guid(768392cc49c313a4281f5c1f081cd322) Importer(815301076,1909f56bfc062723c751e8b465ee728b)
Start importing Assets/Prefs/Class 1/ArmL 1 using Guid(768392cc49c313a4281f5c1f081cd322) Importer(815301076,1909f56bfc062723c751e8b465ee728b) [PhysX] Initialized MultithreadedTaskDispatcher with 16 workers.
 -> (artifact id: '519e2eb6727832939bcdad9d010c15d2') in 0.000506 seconds
Number of updated asset objects reloaded before import = 0
Number of asset objects unloaded after import = 0
========================================================================
Received Import Request.
  Time since last request: 3.870002 seconds.
  path: Assets/Prefs/Class 1/ArmR
  artifactKey: Guid(768392cc49c313a4281f5c1f081cd322) Importer(815301076,1909f56bfc062723c751e8b465ee728b)
Start importing Assets/Prefs/Class 1/ArmR using Guid(768392cc49c313a4281f5c1f081cd322) Importer(815301076,1909f56bfc062723c751e8b465ee728b) [PhysX] Initialized MultithreadedTaskDispatcher with 16 workers.
 -> (artifact id: 'a1a7aac8ce818ce8f94172c07d66e59e') in 0.000432 seconds
Number of updated asset objects reloaded before import = 0
Number of asset objects unloaded after import = 0
========================================================================
Received Import Request.
  Time since last request: 5.296274 seconds.
  path: Assets/Material/Modules/Class 1/ArmR
  artifactKey: Guid(726c5204d71ba384cbb12660fcb1ec4e) Importer(815301076,1909f56bfc062723c751e8b465ee728b)
Start importing Assets/Material/Modules/Class 1/ArmR using Guid(726c5204d71ba384cbb12660fcb1ec4e) Importer(815301076,1909f56bfc062723c751e8b465ee728b) [PhysX] Initialized MultithreadedTaskDispatcher with 16 workers.
 -> (artifact id: '3c8716d58949b1a28feb0f622b2fbc34') in 0.000559 seconds
Number of updated asset objects reloaded before import = 0
Number of asset objects unloaded after import = 0
========================================================================
Received Import Request.
  Time since last request: 6.539621 seconds.
  path: Assets/Prefs/Class 1/ArmR/ArmR.prefab
  artifactKey: Guid(75ee579e410e0ca4c9f8b05fe4872db7) Importer(815301076,1909f56bfc062723c751e8b465ee728b)
Start importing Assets/Prefs/Class 1/ArmR/ArmR.prefab using Guid(75ee579e410e0ca4c9f8b05fe4872db7) Importer(815301076,1909f56bfc062723c751e8b465ee728b) [PhysX] Initialized MultithreadedTaskDispatcher with 16 workers.
[PhysX] Initialized MultithreadedTaskDispatcher with 16 workers.
 -> (artifact id: '84c8474831fbb258e200e0abc974b244') in 0.015956 seconds
Number of updated asset objects reloaded before import = 0
Number of asset objects unloaded after import = 14
========================================================================
Received Import Request.
  Time since last request: 2.005673 seconds.
  path: Assets/Prefs/Class 1/ArmL/ArmL.prefab
  artifactKey: Guid(677505a24ec54a6499c0a99991237b33) Importer(815301076,1909f56bfc062723c751e8b465ee728b)
Start importing Assets/Prefs/Class 1/ArmL/ArmL.prefab using Guid(677505a24ec54a6499c0a99991237b33) Importer(815301076,1909f56bfc062723c751e8b465ee728b) [PhysX] Initialized MultithreadedTaskDispatcher with 16 workers.
[PhysX] Initialized MultithreadedTaskDispatcher with 16 workers.
 -> (artifact id: '576615b335e6728028f3d8a8ddd89707') in 0.013506 seconds
Number of updated asset objects reloaded before import = 0
Number of asset objects unloaded after import = 14
========================================================================
Received Import Request.
  Time since last request: 110.276900 seconds.
  path: Assets/Prefs/Class 1/Head
  artifactKey: Guid(f741730be737c654d83c1f32cb5c4787) Importer(815301076,1909f56bfc062723c751e8b465ee728b)
Start importing Assets/Prefs/Class 1/Head using Guid(f741730be737c654d83c1f32cb5c4787) Importer(815301076,1909f56bfc062723c751e8b465ee728b) [PhysX] Initialized MultithreadedTaskDispatcher with 16 workers.
 -> (artifact id: 'ac2a2a3430c1e21c14c1dc8e7803838e') in 0.000443 seconds
Number of updated asset objects reloaded before import = 0
Number of asset objects unloaded after import = 0
========================================================================
Received Import Request.
  Time since last request: 5.231142 seconds.
  path: Assets/Prefs/Class 1/Head/Head.prefab
  artifactKey: Guid(1b5217eddd9eeae498c1f20fb7bea881) Importer(815301076,1909f56bfc062723c751e8b465ee728b)
Start importing Assets/Prefs/Class 1/Head/Head.prefab using Guid(1b5217eddd9eeae498c1f20fb7bea881) Importer(815301076,1909f56bfc062723c751e8b465ee728b) [PhysX] Initialized MultithreadedTaskDispatcher with 16 workers.
[PhysX] Initialized MultithreadedTaskDispatcher with 16 workers.
 -> (artifact id: 'dbab8041d3b72928cf72ff567f79dad4') in 0.014535 seconds
Number of updated asset objects reloaded before import = 0
Number of asset objects unloaded after import = 14
========================================================================
Received Import Request.
  Time since last request: 23.375410 seconds.
  path: Assets/Material/Modules/Class 1/Head
  artifactKey: Guid(4a5d29cacf1e02948b6e51073ccb5e31) Importer(815301076,1909f56bfc062723c751e8b465ee728b)
Start importing Assets/Material/Modules/Class 1/Head using Guid(4a5d29cacf1e02948b6e51073ccb5e31) Importer(815301076,1909f56bfc062723c751e8b465ee728b) [PhysX] Initialized MultithreadedTaskDispatcher with 16 workers.
 -> (artifact id: '32bb20a80f5de033dc45c8de7ccc9e22') in 0.000437 seconds
Number of updated asset objects reloaded before import = 0
Number of asset objects unloaded after import = 0
========================================================================
Received Import Request.
  Time since last request: 1.815872 seconds.
  path: Assets/Material/Modules/Class 1/Head/Head.prefab
  artifactKey: Guid(bced42248814baf44b02457aac0da6ec) Importer(815301076,1909f56bfc062723c751e8b465ee728b)
Start importing Assets/Material/Modules/Class 1/Head/Head.prefab using Guid(bced42248814baf44b02457aac0da6ec) Importer(815301076,1909f56bfc062723c751e8b465ee728b) [PhysX] Initialized MultithreadedTaskDispatcher with 16 workers.
[PhysX] Initialized MultithreadedTaskDispatcher with 16 workers.
 -> (artifact id: 'ebd1bd2bc6717c9f1514ec6b01828b31') in 0.006045 seconds
Number of updated asset objects reloaded before import = 0
Number of asset objects unloaded after import = 14
========================================================================
Received Import Request.
  Time since last request: 22.671340 seconds.
  path: Assets/Material/Modules/Class 1/ArmL
  artifactKey: Guid(109a7360c86c26c40b7cd1d3994d5801) Importer(815301076,1909f56bfc062723c751e8b465ee728b)
Start importing Assets/Material/Modules/Class 1/ArmL using Guid(109a7360c86c26c40b7cd1d3994d5801) Importer(815301076,1909f56bfc062723c751e8b465ee728b) [PhysX] Initialized MultithreadedTaskDispatcher with 16 workers.
 -> (artifact id: 'c696e54f041ccce6b6903a5d3a26fe07') in 0.000642 seconds
Number of updated asset objects reloaded before import = 0
Number of asset objects unloaded after import = 0
========================================================================
Received Import Request.
  Time since last request: 3.127305 seconds.
  path: Assets/Material/Modules/Class 1/ArmL/New Material.mat
  artifactKey: Guid(430821650f5f2af4aaefb5fa0dc8800c) Importer(815301076,1909f56bfc062723c751e8b465ee728b)
Start importing Assets/Material/Modules/Class 1/ArmL/New Material.mat using Guid(430821650f5f2af4aaefb5fa0dc8800c) Importer(815301076,1909f56bfc062723c751e8b465ee728b) [PhysX] Initialized MultithreadedTaskDispatcher with 16 workers.
[PhysX] Initialized MultithreadedTaskDispatcher with 16 workers.
 -> (artifact id: '95046da8b58badbdcb70b7427f759d08') in 0.028067 seconds
Number of updated asset objects reloaded before import = 0
Number of asset objects unloaded after import = 1
========================================================================
Received Import Request.
  Time since last request: 9.428392 seconds.
  path: Assets/Material/Modules/Class 1/ArmL/New Material.mat
  artifactKey: Guid(430821650f5f2af4aaefb5fa0dc8800c) Importer(815301076,1909f56bfc062723c751e8b465ee728b)
Start importing Assets/Material/Modules/Class 1/ArmL/New Material.mat using Guid(430821650f5f2af4aaefb5fa0dc8800c) Importer(815301076,1909f56bfc062723c751e8b465ee728b) [PhysX] Initialized MultithreadedTaskDispatcher with 16 workers.
[PhysX] Initialized MultithreadedTaskDispatcher with 16 workers.
 -> (artifact id: 'f047e895b950afac8395f59b42cbad1f') in 0.015298 seconds
Number of updated asset objects reloaded before import = 0
Number of asset objects unloaded after import = 1
========================================================================
Received Import Request.
  Time since last request: 32.862129 seconds.
  path: Assets/Material/Modules/Class 1/ArmL/New Material 1.mat
  artifactKey: Guid(58b51df8ab3baad43be23fcb4580b827) Importer(815301076,1909f56bfc062723c751e8b465ee728b)
Start importing Assets/Material/Modules/Class 1/ArmL/New Material 1.mat using Guid(58b51df8ab3baad43be23fcb4580b827) Importer(815301076,1909f56bfc062723c751e8b465ee728b) [PhysX] Initialized MultithreadedTaskDispatcher with 16 workers.
[PhysX] Initialized MultithreadedTaskDispatcher with 16 workers.
 -> (artifact id: '0f5dbb3f13b0ced8403006ffbf931b85') in 0.013807 seconds
Number of updated asset objects reloaded before import = 0
Number of asset objects unloaded after import = 1
========================================================================
Received Import Request.
  Time since last request: 0.000018 seconds.
  path: Assets/Material/Modules/Class 1/ArmL/New Material 3.mat
  artifactKey: Guid(8cad91d0638d65344862cc8e32f01ce5) Importer(815301076,1909f56bfc062723c751e8b465ee728b)
Start importing Assets/Material/Modules/Class 1/ArmL/New Material 3.mat using Guid(8cad91d0638d65344862cc8e32f01ce5) Importer(815301076,1909f56bfc062723c751e8b465ee728b) [PhysX] Initialized MultithreadedTaskDispatcher with 16 workers.
[PhysX] Initialized MultithreadedTaskDispatcher with 16 workers.
 -> (artifact id: 'a668b6f5e4469568c51996b33158e0a2') in 0.018166 seconds
Number of updated asset objects reloaded before import = 0
Number of asset objects unloaded after import = 1
========================================================================
Received Import Request.
  Time since last request: 9.651455 seconds.
  path: Assets/Material/Modules/Class 1/ArmR/New Material.mat
  artifactKey: Guid(7241279694f23204a984a2a6ace155e5) Importer(815301076,1909f56bfc062723c751e8b465ee728b)
Start importing Assets/Material/Modules/Class 1/ArmR/New Material.mat using Guid(7241279694f23204a984a2a6ace155e5) Importer(815301076,1909f56bfc062723c751e8b465ee728b) [PhysX] Initialized MultithreadedTaskDispatcher with 16 workers.
[PhysX] Initialized MultithreadedTaskDispatcher with 16 workers.
 -> (artifact id: '557d9b008c9697581b9c36f1084ed609') in 0.012756 seconds
Number of updated asset objects reloaded before import = 0
Number of asset objects unloaded after import = 1
========================================================================
Received Import Request.
  Time since last request: 29.881995 seconds.
  path: Assets/Material/Modules/Class 1/Head/New Material.mat
  artifactKey: Guid(f233177cc00a4ce4b9f904bde2edde9d) Importer(815301076,1909f56bfc062723c751e8b465ee728b)
Start importing Assets/Material/Modules/Class 1/Head/New Material.mat using Guid(f233177cc00a4ce4b9f904bde2edde9d) Importer(815301076,1909f56bfc062723c751e8b465ee728b) [PhysX] Initialized MultithreadedTaskDispatcher with 16 workers.
[PhysX] Initialized MultithreadedTaskDispatcher with 16 workers.
 -> (artifact id: '08882ded97c769390f162e1e98749b9c') in 0.012837 seconds
Number of updated asset objects reloaded before import = 0
Number of asset objects unloaded after import = 1
========================================================================
Received Import Request.
  Time since last request: 228.239304 seconds.
  path: Assets/Material/Modules/Class 2/ArmL
  artifactKey: Guid(85de3febfca8da64ba28f0344b0d9ec6) Importer(815301076,1909f56bfc062723c751e8b465ee728b)
Start importing Assets/Material/Modules/Class 2/ArmL using Guid(85de3febfca8da64ba28f0344b0d9ec6) Importer(815301076,1909f56bfc062723c751e8b465ee728b) [PhysX] Initialized MultithreadedTaskDispatcher with 16 workers.
 -> (artifact id: 'db196a5173ae05cb3e194eaa1faa6584') in 0.000663 seconds
Number of updated asset objects reloaded before import = 0
Number of asset objects unloaded after import = 0
========================================================================
Received Import Request.
  Time since last request: 0.114780 seconds.
  path: Assets/Material/Modules/Class 2/ArmL/New Material.mat
  artifactKey: Guid(0b3a5095e82f5da4b818f923a4c03dd0) Importer(815301076,1909f56bfc062723c751e8b465ee728b)
Start importing Assets/Material/Modules/Class 2/ArmL/New Material.mat using Guid(0b3a5095e82f5da4b818f923a4c03dd0) Importer(815301076,1909f56bfc062723c751e8b465ee728b) [PhysX] Initialized MultithreadedTaskDispatcher with 16 workers.
[PhysX] Initialized MultithreadedTaskDispatcher with 16 workers.
 -> (artifact id: '2ff96ee8ab9e85a9bf5daff5abab32b6') in 0.015584 seconds
Number of updated asset objects reloaded before import = 0
Number of asset objects unloaded after import = 1
========================================================================
Received Import Request.
  Time since last request: 23.198406 seconds.
  path: Assets/Material/Modules/Class 1/Body/New Material.mat
  artifactKey: Guid(92c199a2a88e798428f77a23b96d6632) Importer(815301076,1909f56bfc062723c751e8b465ee728b)
Start importing Assets/Material/Modules/Class 1/Body/New Material.mat using Guid(92c199a2a88e798428f77a23b96d6632) Importer(815301076,1909f56bfc062723c751e8b465ee728b) [PhysX] Initialized MultithreadedTaskDispatcher with 16 workers.
[PhysX] Initialized MultithreadedTaskDispatcher with 16 workers.
 -> (artifact id: 'bf1f8ade3d1283346302276b7c0c29a2') in 0.021698 seconds
Number of updated asset objects reloaded before import = 0
Number of asset objects unloaded after import = 1
========================================================================
Received Import Request.
  Time since last request: 13.409369 seconds.
  path: Assets/Material/Modules/Class 1/Сhassis/New Material 1.mat
  artifactKey: Guid(b6119cc7b0eee634d8872d394ed022ff) Importer(815301076,1909f56bfc062723c751e8b465ee728b)
Start importing Assets/Material/Modules/Class 1/Сhassis/New Material 1.mat using Guid(b6119cc7b0eee634d8872d394ed022ff) Importer(815301076,1909f56bfc062723c751e8b465ee728b) [PhysX] Initialized MultithreadedTaskDispatcher with 16 workers.
[PhysX] Initialized MultithreadedTaskDispatcher with 16 workers.
 -> (artifact id: '798d736f618805a9f20b83c5f2750e81') in 0.014561 seconds
Number of updated asset objects reloaded before import = 0
Number of asset objects unloaded after import = 1
========================================================================
Received Import Request.
  Time since last request: 15.390906 seconds.
  path: Assets/Prefs/Class 2/ArmL/ArmL.prefab
  artifactKey: Guid(7fc0c7fde0205254cbffbd5238bfb93e) Importer(815301076,1909f56bfc062723c751e8b465ee728b)
Start importing Assets/Prefs/Class 2/ArmL/ArmL.prefab using Guid(7fc0c7fde0205254cbffbd5238bfb93e) Importer(815301076,1909f56bfc062723c751e8b465ee728b) [PhysX] Initialized MultithreadedTaskDispatcher with 16 workers.
[PhysX] Initialized MultithreadedTaskDispatcher with 16 workers.
 -> (artifact id: 'ae6846946dc9e83f54da0640014cf207') in 0.017762 seconds
Number of updated asset objects reloaded before import = 0
Number of asset objects unloaded after import = 16
========================================================================
Received Import Request.
  Time since last request: 4.434590 seconds.
  path: Assets/Prefs/Class 2/ArmL/ArmL.prefab
  artifactKey: Guid(7fc0c7fde0205254cbffbd5238bfb93e) Importer(815301076,1909f56bfc062723c751e8b465ee728b)
Start importing Assets/Prefs/Class 2/ArmL/ArmL.prefab using Guid(7fc0c7fde0205254cbffbd5238bfb93e) Importer(815301076,1909f56bfc062723c751e8b465ee728b) [PhysX] Initialized MultithreadedTaskDispatcher with 16 workers.
[PhysX] Initialized MultithreadedTaskDispatcher with 16 workers.
 -> (artifact id: '668c1e1169865bbf6a073aac42fe3860') in 0.015489 seconds
Number of updated asset objects reloaded before import = 0
Number of asset objects unloaded after import = 16
========================================================================
Received Import Request.
  Time since last request: 3.170558 seconds.
  path: Assets/Prefs/Class 1/ArmL/ArmL.prefab
  artifactKey: Guid(677505a24ec54a6499c0a99991237b33) Importer(815301076,1909f56bfc062723c751e8b465ee728b)
Start importing Assets/Prefs/Class 1/ArmL/ArmL.prefab using Guid(677505a24ec54a6499c0a99991237b33) Importer(815301076,1909f56bfc062723c751e8b465ee728b) [PhysX] Initialized MultithreadedTaskDispatcher with 16 workers.
[PhysX] Initialized MultithreadedTaskDispatcher with 16 workers.
 -> (artifact id: '8eb2ef998b214a5c4c4cc5a7a033c0a1') in 0.006545 seconds
Number of updated asset objects reloaded before import = 0
Number of asset objects unloaded after import = 16
========================================================================
Received Import Request.
  Time since last request: 11.420448 seconds.
  path: Assets/Prefs/Class 2/ArmL/ArmL.prefab
  artifactKey: Guid(7fc0c7fde0205254cbffbd5238bfb93e) Importer(815301076,1909f56bfc062723c751e8b465ee728b)
Start importing Assets/Prefs/Class 2/ArmL/ArmL.prefab using Guid(7fc0c7fde0205254cbffbd5238bfb93e) Importer(815301076,1909f56bfc062723c751e8b465ee728b) [PhysX] Initialized MultithreadedTaskDispatcher with 16 workers.
[PhysX] Initialized MultithreadedTaskDispatcher with 16 workers.
 -> (artifact id: '1eada875e2a1767c2923d67407c77837') in 0.015034 seconds
Number of updated asset objects reloaded before import = 0
Number of asset objects unloaded after import = 16
========================================================================
Received Import Request.
  Time since last request: 11.861717 seconds.
  path: Assets/Prefs/Class 2/ArmL/ArmL.prefab
  artifactKey: Guid(7fc0c7fde0205254cbffbd5238bfb93e) Importer(815301076,1909f56bfc062723c751e8b465ee728b)
Start importing Assets/Prefs/Class 2/ArmL/ArmL.prefab using Guid(7fc0c7fde0205254cbffbd5238bfb93e) Importer(815301076,1909f56bfc062723c751e8b465ee728b) [PhysX] Initialized MultithreadedTaskDispatcher with 16 workers.
[PhysX] Initialized MultithreadedTaskDispatcher with 16 workers.
 -> (artifact id: '7b8cb197c6c878310605b715ce1e2074') in 0.012790 seconds
Number of updated asset objects reloaded before import = 0
Number of asset objects unloaded after import = 16
========================================================================
Received Import Request.
  Time since last request: 8.648821 seconds.
  path: Assets/Prefs/Class 2/ArmL/ArmL.prefab
  artifactKey: Guid(7fc0c7fde0205254cbffbd5238bfb93e) Importer(815301076,1909f56bfc062723c751e8b465ee728b)
Start importing Assets/Prefs/Class 2/ArmL/ArmL.prefab using Guid(7fc0c7fde0205254cbffbd5238bfb93e) Importer(815301076,1909f56bfc062723c751e8b465ee728b) [PhysX] Initialized MultithreadedTaskDispatcher with 16 workers.
[PhysX] Initialized MultithreadedTaskDispatcher with 16 workers.
 -> (artifact id: '863be7576ccd63963e3599417c37ce8e') in 0.013954 seconds
Number of updated asset objects reloaded before import = 0
Number of asset objects unloaded after import = 16
========================================================================
Received Import Request.
  Time since last request: 14.376535 seconds.
  path: Assets/Material/Modules/Class 2/Body/New Material.mat
  artifactKey: Guid(2ae6839e1d3e0094c870a3a8cb92a93c) Importer(815301076,1909f56bfc062723c751e8b465ee728b)
Start importing Assets/Material/Modules/Class 2/Body/New Material.mat using Guid(2ae6839e1d3e0094c870a3a8cb92a93c) Importer(815301076,1909f56bfc062723c751e8b465ee728b) [PhysX] Initialized MultithreadedTaskDispatcher with 16 workers.
[PhysX] Initialized MultithreadedTaskDispatcher with 16 workers.
 -> (artifact id: '53c8b12d8c41de4ad2f74e47b482e1e5') in 0.021382 seconds
Number of updated asset objects reloaded before import = 0
Number of asset objects unloaded after import = 1
========================================================================
Received Import Request.
  Time since last request: 0.321549 seconds.
  path: Assets/Material/Modules/Class 2/ArmR/New Material.mat
  artifactKey: Guid(620196e318a83e042a4e2ef8d60eaea8) Importer(815301076,1909f56bfc062723c751e8b465ee728b)
Start importing Assets/Material/Modules/Class 2/ArmR/New Material.mat using Guid(620196e318a83e042a4e2ef8d60eaea8) Importer(815301076,1909f56bfc062723c751e8b465ee728b) [PhysX] Initialized MultithreadedTaskDispatcher with 16 workers.
[PhysX] Initialized MultithreadedTaskDispatcher with 16 workers.
 -> (artifact id: 'cf3df5642c796da612d11113d31a01c4') in 0.016057 seconds
Number of updated asset objects reloaded before import = 0
Number of asset objects unloaded after import = 1
========================================================================
Received Import Request.
  Time since last request: 26.094465 seconds.
  path: Assets/Prefs/Class 2/ArmR/ArmR.prefab
  artifactKey: Guid(eac02b6678ce4c74b88014239053ca6d) Importer(815301076,1909f56bfc062723c751e8b465ee728b)
Start importing Assets/Prefs/Class 2/ArmR/ArmR.prefab using Guid(eac02b6678ce4c74b88014239053ca6d) Importer(815301076,1909f56bfc062723c751e8b465ee728b) [PhysX] Initialized MultithreadedTaskDispatcher with 16 workers.
[PhysX] Initialized MultithreadedTaskDispatcher with 16 workers.
 -> (artifact id: '2f333fde4f6abc4cb0251ed67f279681') in 0.017462 seconds
Number of updated asset objects reloaded before import = 0
Number of asset objects unloaded after import = 16
========================================================================
Received Import Request.
  Time since last request: 7.861520 seconds.
  path: Assets/Prefs/Class 2/Body/Body.prefab
  artifactKey: Guid(a727210fdad09c74b8b91414d023b226) Importer(815301076,1909f56bfc062723c751e8b465ee728b)
Start importing Assets/Prefs/Class 2/Body/Body.prefab using Guid(a727210fdad09c74b8b91414d023b226) Importer(815301076,1909f56bfc062723c751e8b465ee728b) [PhysX] Initialized MultithreadedTaskDispatcher with 16 workers.
[PhysX] Initialized MultithreadedTaskDispatcher with 16 workers.
 -> (artifact id: 'e0724b6f2690f334a894859b4818c4aa') in 0.005847 seconds
Number of updated asset objects reloaded before import = 0
Number of asset objects unloaded after import = 8
========================================================================
Received Import Request.
  Time since last request: 8.852964 seconds.
  path: Assets/Prefs/Class 2/Head/Head.prefab
  artifactKey: Guid(ce2dc6c48f5e7684ea06c97af7d4f8b9) Importer(815301076,1909f56bfc062723c751e8b465ee728b)
Start importing Assets/Prefs/Class 2/Head/Head.prefab using Guid(ce2dc6c48f5e7684ea06c97af7d4f8b9) Importer(815301076,1909f56bfc062723c751e8b465ee728b) [PhysX] Initialized MultithreadedTaskDispatcher with 16 workers.
[PhysX] Initialized MultithreadedTaskDispatcher with 16 workers.
 -> (artifact id: 'ff4b391943caf8e95f7ac0edbbda6d5b') in 0.007147 seconds
Number of updated asset objects reloaded before import = 0
Number of asset objects unloaded after import = 14
========================================================================
Received Import Request.
  Time since last request: 12.939400 seconds.
  path: Assets/Prefs/Class 1/Head/Head.prefab
  artifactKey: Guid(1b5217eddd9eeae498c1f20fb7bea881) Importer(815301076,1909f56bfc062723c751e8b465ee728b)
Start importing Assets/Prefs/Class 1/Head/Head.prefab using Guid(1b5217eddd9eeae498c1f20fb7bea881) Importer(815301076,1909f56bfc062723c751e8b465ee728b) [PhysX] Initialized MultithreadedTaskDispatcher with 16 workers.
[PhysX] Initialized MultithreadedTaskDispatcher with 16 workers.
 -> (artifact id: '5c0fe1ca939278446a92071b6d60a725') in 0.017537 seconds
Number of updated asset objects reloaded before import = 0
Number of asset objects unloaded after import = 16
========================================================================
Received Import Request.
  Time since last request: 5.389453 seconds.
  path: Assets/Material/Modules/Class 2/Head/New Material.mat
  artifactKey: Guid(54244a19c6dd5c24e8de3eaef04722a5) Importer(815301076,1909f56bfc062723c751e8b465ee728b)
Start importing Assets/Material/Modules/Class 2/Head/New Material.mat using Guid(54244a19c6dd5c24e8de3eaef04722a5) Importer(815301076,1909f56bfc062723c751e8b465ee728b) [PhysX] Initialized MultithreadedTaskDispatcher with 16 workers.
[PhysX] Initialized MultithreadedTaskDispatcher with 16 workers.
 -> (artifact id: '5d257c986f25cd22580d6895b1bd72e4') in 0.015261 seconds
Number of updated asset objects reloaded before import = 0
Number of asset objects unloaded after import = 1
========================================================================
Received Import Request.
  Time since last request: 6.830246 seconds.
  path: Assets/Prefs/Class 2/Сhassis/Сhassis.prefab
  artifactKey: Guid(4a6b555cd7ac14f428b5cf59a2f6a1be) Importer(815301076,1909f56bfc062723c751e8b465ee728b)
Start importing Assets/Prefs/Class 2/Сhassis/Сhassis.prefab using Guid(4a6b555cd7ac14f428b5cf59a2f6a1be) Importer(815301076,1909f56bfc062723c751e8b465ee728b) [PhysX] Initialized MultithreadedTaskDispatcher with 16 workers.
[PhysX] Initialized MultithreadedTaskDispatcher with 16 workers.
 -> (artifact id: '91da221458346e561f57d3d08641b0ea') in 0.019627 seconds
Number of updated asset objects reloaded before import = 0
Number of asset objects unloaded after import = 16
========================================================================
Received Import Request.
  Time since last request: 7.036970 seconds.
  path: Assets/Material/Modules/Class 2/Сhassis/New Material.mat
  artifactKey: Guid(0adf293fe1edaef458dddf0a8b20ca51) Importer(815301076,1909f56bfc062723c751e8b465ee728b)
Start importing Assets/Material/Modules/Class 2/Сhassis/New Material.mat using Guid(0adf293fe1edaef458dddf0a8b20ca51) Importer(815301076,1909f56bfc062723c751e8b465ee728b) [PhysX] Initialized MultithreadedTaskDispatcher with 16 workers.
[PhysX] Initialized MultithreadedTaskDispatcher with 16 workers.
 -> (artifact id: 'c7881582f4038f05ce3538140c6d5f17') in 0.024734 seconds
Number of updated asset objects reloaded before import = 0
Number of asset objects unloaded after import = 1
========================================================================
Received Import Request.
  Time since last request: 642.871528 seconds.
  path: Assets/Material/Modules/Class 1/New Material.mat
  artifactKey: Guid(3185a575a5fed0340bef6189e8df4486) Importer(815301076,1909f56bfc062723c751e8b465ee728b)
Start importing Assets/Material/Modules/Class 1/New Material.mat using Guid(3185a575a5fed0340bef6189e8df4486) Importer(815301076,1909f56bfc062723c751e8b465ee728b) [PhysX] Initialized MultithreadedTaskDispatcher with 16 workers.
[PhysX] Initialized MultithreadedTaskDispatcher with 16 workers.
 -> (artifact id: 'abe04def6a73e76ad0068f1b7fdb079f') in 0.017908 seconds
Number of updated asset objects reloaded before import = 0
Number of asset objects unloaded after import = 1
========================================================================
Received Import Request.
  Time since last request: 5.050815 seconds.
  path: Assets/Material/Modules/Class 1/Classic.mat
  artifactKey: Guid(3185a575a5fed0340bef6189e8df4486) Importer(815301076,1909f56bfc062723c751e8b465ee728b)
Start importing Assets/Material/Modules/Class 1/Classic.mat using Guid(3185a575a5fed0340bef6189e8df4486) Importer(815301076,1909f56bfc062723c751e8b465ee728b) [PhysX] Initialized MultithreadedTaskDispatcher with 16 workers.
[PhysX] Initialized MultithreadedTaskDispatcher with 16 workers.
 -> (artifact id: 'e8afb59009b77b0d59a2c050f63eff3c') in 0.015463 seconds
Number of updated asset objects reloaded before import = 0
Number of asset objects unloaded after import = 1
